extricat	0.19936648106556887	0.1921328957334518	0.1997007806914013	0.16548959562579618	0.1939369072989647
branford	0.10052548091772691	0.15359555283396237	0.15515757270968317	0.2221821762185948	0.20810900002436386
grosvenor	0.27678412779571465	0.23935027469252101	0.30523738965468683	0.23193617180002704	0.2637458698961255
mathematic	0.21359857343063138	0.20335496538603334	0.2370440069143683	0.19481159310164223	0.2249625593694644
limpet	0.16383023434327348	0.0761825504813739	0.17727888877375153	0.13416893712481764	0.10577830574332248
shtick	0.1541615576274149	0.10848369626658699	0.21720717193766148	0.23709074587948561	0.21902080161056486
vandyke	0.24189708185504166	0.23579871627043789	0.23093495609284181	0.18585469079614478	0.2365181016840876
unfilter	0.22045133296600428	0.24306383726207245	0.1802729924673407	0.2837805819231246	0.27410612665536327
nymphet	0.25412033026368647	0.2007572116252154	0.24915676383491062	0.09749434510773664	0.1845302716020305
procreative	0.18489641754147798	0.16636085434040113	0.218843799711015	0.22331412351092075	0.23100803773927864
barbera	0.051014839319173944	0.14344074769782464	0.12758455635052893	0.16391048028921806	0.13102354161262972
sunbather	0.1170323140709234	0.16303811300177315	0.22722469189486622	0.20666293314475168	0.20574939525327443
educators	0.10069987350696981	0.09194714798686371	0.15457116034205373	0.19284928294657777	0.20921384522256348
hyphen	0.10839326838559966	0.1879001819781678	0.11563510161338214	0.16752995512832555	0.19249665342926156
friendliest	0.2527081846830372	0.19141317712895586	0.11494469208740743	0.17130841528102767	0.2287213669600707
appurtenance	0.22052149367565418	0.20864662215961802	0.21920736164467045	0.19375532586468844	0.16897353728646725
turboprop	0.13897994109645428	0.13539447105106175	0.1229812340628546	0.11737890903642648	0.12769995295760556
detou	0.22095132854540456	0.1780412469576969	0.20590666791576714	0.21534301186272767	0.2459894995624321
graciousness	0.16009798790780644	0.15955164925537638	0.15002506829126838	0.15612374261687048	0.17049802814362888
kith	0.29558603727222976	0.22728028046401372	0.3139503033307942	0.26335265294895505	0.1916278495947144
edmonds	0.26046478819805935	0.2785352086357295	0.24293602219041832	0.28136432059624306	0.30314987739723015
allus	0.13427423996134158	0.16888917299747072	0.187921931038034	0.15599619081294858	0.1489671758662447
frankfort	0.27377489868134214	0.2837219634538152	0.27565669354216776	0.2739299297376412	0.24830712126890164
hialeah	0.16412276992121883	0.1454659577953077	0.11184602772425885	0.1768432299539676	0.10134823195695652
backwash	0.23368294269606643	0.23753635382345706	0.18142941617502986	0.19450357042422797	0.22048180546964646
spartanburg	0.15797652025557027	0.16420417158035688	0.14391575955723515	0.19092114647396433	0.1808196265914854
moneyman	0.18474648968512938	0.27074991029206197	0.25961999188122453	0.2604678792149784	0.2472076101442517
mange	0.2396129974325722	0.2657816561991918	0.2569206430890686	0.3342302327819356	0.213713423251698
heisenberg	0.1660957318740122	0.1403477144323882	0.1440837405580658	0.1544429128150544	0.16300533599951872
symmetrically	0.2527860431237873	0.22108742169246556	0.2285190530207858	0.23063258354758037	0.2124039587269919
grunts	0.20083522047197278	0.1684403117985816	0.07325381157012563	0.1954147812764141	0.1959447401541383
smorgasbord	0.2377139466895211	0.21045665259900626	0.2788350057933098	0.29168091261265017	0.24719613077005803
industrywide	0.1563478206676459	0.29813626848187663	0.2865124509416348	0.31090265069898443	0.2583641867173413
selflessness	0.135521405539698	0.1211171424766464	0.1267189093811128	0.10573418666037386	0.16798666655356342
participle	0.06199072096837945	0.0877062839224847	0.07883932675748817	0.07786005781362403	0.06197106587012485
sullenness	0.17104368720828875	0.18766367494357966	0.174532549850719	0.18497603301831755	0.14469387546206108
sluggishness	0.17606891266779948	0.15586329906083876	0.16524687120743173	0.07877920098142895	0.15353563557014405
dwindling	0.10132109202556565	0.2060662749164782	0.19813942218558792	0.20027077573780525	0.10254460769516816
spellman	0.2176790634023131	0.19924444312776896	0.18887917317736938	0.2575608972778886	0.29514852951601217
revelatory	0.10395067559651266	0.2438534068300481	0.25381599835193436	0.26391950765942845	0.2416722752882847
austral	0.17239012335607728	0.2175184786668607	0.26403524407514306	0.1473587213846953	0.18322267287615185
handgrip	0.17430884325160653	0.15851063492948195	0.09127586653871489	0.1257112646091578	0.15489722761605232
hatless	0.24176792467937502	0.2658975064966128	0.2461378354359972	0.16481861773467896	0.236399632927684
meto	0.17166094833585618	0.16893078601629322	0.20069404039888863	0.12525514975445945	0.1529502599014272
tamarisk	0.1949511845833048	0.250178138139219	0.09996314016655183	0.1954116387405994	0.24441977395748898
stabilizing	0.2245985558095883	0.2168605422455301	0.2559692585683817	0.20006285074285704	0.2119438341988546
piccolo	0.23985508214207665	0.2821728902760357	0.2190427869129455	0.24642813948729364	0.2103118608123989
pd	0.2691977850970886	0.27454620966293275	0.25463795181904886	0.33063259168541526	0.33683317148579234
bondholder	0.16204524848781673	0.17851042617580193	0.1840940041162711	0.1911741441321159	0.1864001861811738
phenomenology	0.13616126062615244	0.15794845523490741	0.153069955415569	0.13845649888071113	0.17055674715188548
bap	0.23598620778199417	0.14415604302877344	0.2628790170072076	0.1928845080740919	0.23039936941416206
vaudevillian	0.2200824556127105	0.21310348329534132	0.19979043474269692	0.17171437220123328	0.1599353964618716
marla	0.23306324659375202	0.16052504598854378	0.20255099047451053	0.20325685074495506	0.22661475824760882
waterside	0.25740177092236016	0.2561525570415773	0.22227670457368257	0.28208968624002584	0.22672461562791243
reo	0.13604008578637464	0.12894487907535512	0.11460377083642947	0.21908950340120784	0.13581077254387094
formalism	0.18057302715822035	0.1861118446701644	0.2037097119651079	0.19480121064980238	0.17789133918251196
norwalk	0.19491752308008167	0.22610242295602462	0.15499879906722655	0.2653580669610866	0.24107796351787883
bouillabaisse	0.22174059956418077	0.22504024930341016	0.16835980742647552	0.2504753972156499	0.24296057968603924
25.5	0.27187953650917895	0.14918481726771007	0.1763381586477392	0.2963478402272517	0.28996615484237287
coptic	0.2115385371892519	0.2083185944243914	0.218473557783328	0.218075735922368	0.21198530201923513
boreali	0.14293496877491518	0.11750715697267444	0.0975696101839138	0.13490130684846768	0.15114712509150358
outre	0.3033588079723276	0.2574153122377476	0.21076325584935773	0.2723118374878726	0.15394129301712017
6600	0.15051542268843626	0.19826287578223376	0.18301646556002393	0.15108770637235477	0.1336292382389714
injunctive	0.11915087631529904	0.1107081834026929	0.11514798038830332	0.1007635398750727	0.05287399777799695
inmates	0.14908325029276892	0.14944682308713977	0.15203616098351888	0.12209476833115601	0.18242881576342612
draped	0.1214742571243147	0.15222144006480456	0.19310684879144951	0.18318372862163299	0.18379897020858224
queasiness	0.17681945689605869	0.1683865244124869	0.1388656850551258	0.1876270943750904	0.18110481786309524
inclu	0.15387186757423552	0.1325907874854417	0.18415518955729088	0.06492107360597663	0.14117817974714203
disappointed	0.14462656518957012	0.16196377042075627	0.15855454863644333	0.12293336032115815	0.12181102883928648
purdy	0.22803277135954214	0.24194349366145165	0.2967178995056184	0.30913602900962395	0.26916902531265935
halyard	0.21631018656706893	0.14093156909270813	0.17984961115630363	0.1587553213871434	0.1785623527984985
sloven	0.26014536990454923	0.27405155144110227	0.2206734544019072	0.2491151815979943	0.23606615909701922
guano	0.20934396874355624	0.19782969513216936	0.18000042649336562	0.20947664693357876	0.15568113773442008
kean	0.26363220125933234	0.21968518784106253	0.2500088554854499	0.2689485513169653	0.20924386607542772
catharine	0.23669664627579678	0.1970551909403013	0.10977080832653224	0.24697935119622877	0.2111694725301728
633	0.3382086760517537	0.30401359177396453	0.31852003271985035	0.3284062058069197	0.2640294847106864
humanely	0.2622191868755102	0.2210171089446874	0.21753475988184184	0.23850329363330375	0.2104141065777837
inv	0.2633496512225969	0.26265169250116366	0.23345122310312702	0.14196127959512983	0.14571120261995588
utopias	0.18891836747719432	0.17285968624188836	0.17637388805523715	0.09597243283808132	0.1980179860224535
teleological	0.17628799965535388	0.14963085322913397	0.1562197769211282	0.16459349411358426	0.22169351505972992
closes	0.17835351727913473	0.19387887651640803	0.20286538059077336	0.1795218773643756	0.15849918519021164
recuperative	0.2532010101383756	0.21706103555318057	0.25432751978030216	0.23564448923575743	0.2918331751129406
idler	0.21932577566835823	0.22914429684629808	0.2286340695639837	0.24858975780022005	0.17322274193872156
glimmering	0.18737131891318115	0.13664329816056514	0.19814389377391325	0.19756676310034377	0.09960263059224256
rosetta	0.28007917986862124	0.19952332177486576	0.14267728566250923	0.23681721458355187	0.2524532820734311
hardtack	0.2641001458903756	0.13385549391997537	0.17806155298553122	0.16804948383507431	0.17590607972813235
hoi	0.2234254939357737	0.18151850688853466	0.13482741493943595	0.17364671711425023	0.16389336897560192
sandpiper	0.16184521885421058	0.12127453508832514	0.10398890422086278	0.12088305652836023	0.17244701585867592
queensboro	0.1460618278708316	0.09392546428915466	0.11727683383632581	0.1500719116977165	0.07856779945602865
tauntingly	0.18174143516549893	0.19386390710783655	0.055284042485976126	0.0816400416292003	0.05496956925238439
hadda	0.1927065457532543	0.1930836002952606	0.18135382381797482	0.1741346815209195	0.23887041424528546
raave	0.21670594809372473	0.24015270220776483	0.25246227510455527	0.2255863293607236	0.20606535743513288
parolee	0.15303618310932096	0.1787910689641026	0.15696288712516138	0.18230380961938966	0.13239576813612963
peekaboo	0.2299921793544587	0.20329820618657682	0.16343054160538706	0.23528680366552374	0.2290694483798387
handsom	0.2334247589676336	0.23101842159142655	0.1643253800369734	0.1311404970702848	0.20091391074525533
torte	0.21315246536679391	0.23954699041293168	0.20503351175309759	0.19689379658552086	0.2289712788921737
handwork	0.11342392460621659	0.17010173018363667	0.18233694409416815	0.17835164553961316	0.218432696726725
nouvelle	0.1552209502845441	0.14768130194303764	0.18363017474001203	0.14741153781695104	0.15660261853148505
10.00	0.17837875938173706	0.19181037951982247	0.029088298996854833	0.07186322546727723	0.20214988309181098
kia	0.17658913433023574	0.17458473733086005	0.2521570582401109	0.2532631235236586	0.2454640845790661
thew	0.2518404809564313	0.30780315645000117	0.31580311396365723	0.18690651354910115	0.3287339445043233
riverway	0.11726026398858624	0.14829154739948427	0.2016640810858373	0.18231012966605156	0.1724076470529782
cowbell	0.1627700066133066	0.1681601988443802	0.17884658093388003	0.18875212338991526	0.1774126098472218
imbibe	0.19324300576803002	0.1960792723533309	0.21596346618581952	0.24163791276559576	0.19870742086844864
libretto	0.16152750727701817	0.1481303416556054	0.1608194488940426	0.10846211355752294	0.1395153270955132
849	0.23383852832302884	0.3147856036751796	0.26793730111364983	0.2904629699882251	0.29221595478979084
glenview	0.19179559873494423	0.2559252418963875	0.17366990520083653	0.16961591462912792	0.19406281243915288
stanislaus	0.0937913310893207	0.19960764372198234	0.09771092866000303	0.1827392330708624	0.17720874685563645
hurdler	0.12568374622327275	0.16332682530811163	0.1925225401931731	0.19470302939534653	0.1550719449660092
sssh	0.1860800102977799	0.12728837797288844	0.14749259444148272	0.10217869428528942	0.12125690505141948
whosoever	0.1240304866260884	0.12735797134853483	0.1240932718488561	0.11709911279965277	0.10824223240023088
blotto	0.19470352613660932	0.18471352470090222	0.17350992545075572	0.16319961044562759	0.10408439352314441
hieroglyphic	0.12508094123876456	0.14999391449009009	0.15844444896776427	0.1478731745205451	0.10420923412007273
1746	0.14710456724960408	0.11909237001140216	0.21645046302784016	0.2558976713603596	0.2521223209406851
mingus	0.13986607414227442	0.0844326086923351	0.1455327219709011	0.13934175220106418	0.17977152319338438
dexterously	0.22372377375432356	0.1160690420127709	0.22895101833341225	0.2117042647766584	0.2352853640103408
chewed	0.1607808524179468	0.20908849822890602	0.1798031674049333	0.1524410319525583	0.18465082195532334
crevass	0.1772095186485204	0.11635694046611661	0.13377872449107675	0.17961045974131679	0.16249818362313687
kingdoms	0.08866391166690496	0.049392286175258704	0.12805231770499295	0.08317263525845175	0.11024275994676971
staunchest	0.17059036344137338	0.19653942552493775	0.20819442755626869	0.20500341491592597	0.21839096257897175
conyer	0.1950356368992499	0.20816157549650044	0.24442429553105738	0.31677954176333184	0.2780922190424884
despay	0.15487630101313818	0.18665986339781354	0.22667179014133754	0.1725521484799349	0.18167872459902973
garrote	0.1665118644784601	0.21032230679720407	0.18441186848238733	0.19992373658819826	0.1977439388932328
snafu	0.17381197655733271	0.13198027921088507	0.16365602820241906	0.1870663261104878	0.2115041347527734
archetypical	0.2071105683231315	0.2290441154684478	0.1838562381756952	0.21136225096022546	0.2132197186200136
vibrato	0.14682149318049156	0.14470114278999746	0.15784052400545426	0.15273332237731854	0.1251571793563559
piecrust	0.2119876982397585	0.25380954890195107	0.2702746826404199	0.24745837490511718	0.246180331650533
postcards	0.14477486245869675	0.14463321621668704	0.1910980438846278	0.15926424808231443	0.17929624104439
grumpily	0.14262000900479682	0.19033572096847953	0.22096649768093196	0.2100299321019477	0.24889725943018817
mishandle	0.2657180873522946	0.25405396888707316	0.26612453117312024	0.23662681992989956	0.2576547859605313
22.8	0.12532785734921004	0.253161067304175	0.2381140061405018	0.30197718189768935	0.2759663789834495
interwove	0.19743050360018513	0.19263985679798581	0.12421176071398324	0.24385466734811664	0.1309544804308298
chirico	0.10571679085712246	0.11830599296581384	0.09197477494290422	0.1427286141014916	0.13961764270668084
lave	0.30455439629688325	0.3264715144685811	0.2571816997562445	0.12597770198591435	0.3338221191179664
unusually	0.16988379933967457	0.19611822087120084	0.25546880043491915	0.22253303109324074	0.28289888945331276
ohh	0.14987806863328254	0.200503578575088	0.19896979866180012	0.16714021380652827	0.16965067126566102
hangnail	0.19702150575646846	0.1881570263450675	0.23343147751787904	0.22062892229761377	0.22847510814014438
massa	0.2953421447130869	0.2747728409272379	0.2718457861981605	0.2517595523973897	0.2576177316844778
berra	0.1477664410503466	0.1125473791649522	0.1642164733720586	0.14823392628665727	0.1142775855946228
unobservable	0.14081425691305083	0.17103888812843518	0.18885062111172202	0.11174808346280818	0.08842783052206665
sponsors	0.19178029549798295	0.05312474733924799	0.08717633546388952	0.1901782535777313	0.17054168866491873
reichstag	0.12670511816612368	0.10824718293962751	0.09821451203489115	0.10582652960423042	0.1381197479867883
evansville	0.20280518818101254	0.18784929495893543	0.2014348257947499	0.2628460014596268	0.21338705530073124
pilferage	0.20484121735431032	0.18929903771319778	0.17069493415473028	0.09892478808741673	0.14175359987088207
belvedere	0.27353874742221196	0.23482208635238383	0.277325103204861	0.26092939826610945	0.2771558129332225
gittin	0.20209635188523975	0.17231116546705988	0.2261121244912261	0.15696528369525672	0.2447410983371154
nanking	0.0865459169494115	0.11416731747486808	0.08158365991632632	0.12418497066497991	0.14440636830950335
joyride	0.09675707422202545	0.19360188034514736	0.24430732580646966	0.15585288237848216	0.1852942648761981
gato	0.1778167092744207	0.13769759551540273	0.19654406735903698	0.24695301340907225	0.19100198511601393
incrimination	0.08967405596219052	0.09829505486381583	0.1157360458628993	0.08640945319674372	0.09683167770919673
macauley	0.26459031450145404	0.1944902922618476	0.13791915237105945	0.1232986072402658	0.27111710902159025
drucker	0.2315775663204796	0.21450184723607446	0.14231678305955442	0.23603054126100342	0.23349086023096957
recaptur	0.22242384336031987	0.223792536899444	0.25531734783845417	0.2339952324087665	0.21099628069561385
mell	0.2994140187689239	0.26469032692570765	0.3037673114118697	0.3168852648042855	0.2802993796413857
becomes	0.23748358858131194	0.25004327667393567	0.15993604591318583	0.2250302932448883	0.24900228001801625
assimilat	0.17923864307329596	0.19459656013538523	0.19042394258080614	0.1756685552190585	0.17900193090463368
givenchy	0.2089983246058517	0.2323703828338817	0.12471152905420815	0.20959749460797253	0.20299354519334586
corre	0.292927928687598	0.3050923886108515	0.2115718675041106	0.1219457247174458	0.3081574430086183
kun	0.13041321405487305	0.18340344861776425	0.21319263059204407	0.14957020851668568	0.26753564591783413
ribboned	0.22157250778525406	0.12988646691294198	0.1071194887583396	0.08877895296385774	0.08221992246542081
1707	0.20147306110101654	0.150326781590377	0.18193148022303407	0.2255163393360799	0.2463623361609784
ministries	0.1995320598165863	0.2821031924251803	0.2152669580583509	0.23904999232639035	0.21659125046350117
begrim	0.1709904336677826	0.2990660157310827	0.22281193523234846	0.1853010449191234	0.17685892937337297
1733	0.21051704109592012	0.18657126552580594	0.12952081389844525	0.180966761683191	0.2761196808330125
slotted	0.19666146812326799	0.18268021792368902	0.16453884002059316	0.13679793356733902	0.1612233670585265
lifespan	0.2035460847412817	0.07903207070973223	0.21037047236899445	0.19423277714733117	0.19422960206807766
briefs	0.23914035531258498	0.23290682482484293	0.2441747267865284	0.2709530479670821	0.29208540920433934
overlarge	0.23254970611746548	0.20636566858364994	0.231907610815099	0.20897345901797107	0.2162593357471887
infan	0.11870532985863924	0.28441771823801953	0.2764988810317201	0.2686946573760119	0.14039716533532542
londonderry	0.15226411010766344	0.19970314312958123	0.17271097101499042	0.1807319377503568	0.13885405429742012
lindstrom	0.1623473172997363	0.2366243097890375	0.27081333827901866	0.2338655045800174	0.27463252388088016
maladjustment	0.2070791789335768	0.20384187174883198	0.09994372503032728	0.11990518408054124	0.09827557632964218
mariachi	0.09458250426996095	0.09353260215299053	0.12942298445017814	0.16017856508541478	0.15815243663202558
inoperative	0.24457218488574278	0.23344466975395495	0.23088477708085398	0.15596805415954132	0.17285937298408527
criminology	0.1874887257898571	0.1815091116374188	0.2531560988228337	0.26826477466209003	0.20369028767659844
numbed	0.2974222852548516	0.26690875873575315	0.26928855866957296	0.2565357630647996	0.23445865552142742
sheathed	0.2268314106913961	0.060156938406603744	0.14962866337050848	0.154126622126264	0.11076648881376311
unask	0.22483126089366484	0.1938436799463664	0.23737081790173237	0.2603066321842297	0.25105035215901234
arra	0.24905532111967768	0.3049010322410634	0.2894927950230057	0.20795159524345938	0.21442879861518993
accidently	0.1009286290924783	0.2591756500323787	0.23050116181659938	0.23093783157489187	0.1631422513713105
disputation	0.15400766683683464	0.1662609302821747	0.16553822243239036	0.13247125389002337	0.059767316667723
pretentiousness	0.1798945488298516	0.10147386130781688	0.14138937219394954	0.10860809605087418	0.17656115493673696
undrinkable	0.04679719802727811	0.13980394461200352	0.13020137982828656	0.18557314611096715	0.127582801154843
hotb	0.18242554707959524	0.17200093493952137	0.1565821695611135	0.18136403566702697	0.20546955982172002
dietz	0.14291095265420134	0.19713861624690818	0.23968494811489227	0.2362916293052985	0.23719896779453212
subnormal	0.30941784314820814	0.29634670627728676	0.2742689004380281	0.2474503815639116	0.19391917814942866
plopp	0.2427719543035835	0.2516463142786951	0.15673373985393824	0.22062888538942038	0.2458733311459635
gnawing	0.09299464991940742	0.17208307876064463	0.15382283339311886	0.21403467673556625	0.12993978795318673
psychical	0.15054292978337613	0.17122179028125445	0.07908034368225225	0.1354641903797958	0.1104361756837445
malaya	0.22421674576464695	0.16380128329432442	0.1785712141663659	0.17197762246388865	0.15523822754080271
hydroxyl	0.08960226768507623	0.06490403463958687	0.08404448385846024	0.10450114665084423	0.04190068673435282
1.98	0.2622724882872989	0.1541024929315393	0.17927106849332367	0.13547250535124705	0.2299158160361723
pubescent	0.20771013923416437	0.18225738765712265	0.24753956535701377	0.2684636673142943	0.2417797102706534
sandstorm	0.21088648366548174	0.15454092791567856	0.18638409750539622	0.19780870953285942	0.19657878444791566
intellectualize	0.16185023445884258	0.2046894456287845	0.20518539247536596	0.1165075909719137	0.12999255974102938
poste	0.22470804342798992	0.2158531186575178	0.245327511984631	0.14323123413608052	0.3214050537419391
fifi	0.16891198417123618	0.22382364395079227	0.1300013323491978	0.21999040621056412	0.2011507599952202
congruent	0.1340924573410067	0.17721709115143927	0.18134789440987806	0.2165588612643159	0.17181728603233
striptease	0.19192878110300843	0.19137846865185998	0.20572899371859196	0.2128801647544159	0.19304032247563616
expeditious	0.25714185095113123	0.1960204463684059	0.2462245558385454	0.16386624803462696	0.17161610939414063
1533	0.14202688969859908	0.24284013585897846	0.27746870137857893	0.14298218360253467	0.1953509478689909
014	0.25153486544430564	0.18801830368938532	0.2046531618062385	0.2052132709888675	0.20102736765343995
meddling	0.22162764004426166	0.18591562007657939	0.1768458858385268	0.21286962431797513	0.22318092518171595
11.6	0.29861833950510674	0.22010567302577302	0.2580764650109934	0.3383280428286981	0.337718641207792
mornings	0.1215993518466016	0.07492878507361014	0.1555231255259641	0.10728289534122533	0.1110995357904843
sycophant	0.2055796692256123	0.18654196503480225	0.22273560728489913	0.16424628348717377	0.21071197270515613
wraithlike	0.14743589478534275	0.22656538216069938	0.16464816510840086	0.18363381389286437	0.18855078576765041
scalding	0.2437786586168421	0.2768166554316009	0.2692840018459241	0.2505214897096818	0.24462704808654281
wishy	0.20211401356860223	0.15706361687201245	0.18897750112295061	0.19929724372669014	0.25365668693813687
tike	0.2892046480036675	0.31790371356764047	0.24010182241122396	0.20849734486202476	0.2900252483942172
semiannual	0.32593411737238065	0.28193513690742755	0.24934762249272804	0.2601377844879581	0.27449275816576757
stealer	0.1574002936561585	0.16992988984303778	0.17585832352788403	0.167439539821563	0.19423856269298373
airstream	0.14946580964195982	0.2929881391341497	0.20573721306776696	0.2031929435222255	0.2754899494465332
regionally	0.09647006959085141	0.2604156457246615	0.2840917533113212	0.2967215496881285	0.28439709046452377
pianoforte	0.1761410830930698	0.14949279356727754	0.12709995417207237	0.14594427948973493	0.12205456156293189
egoistic	0.19036893845070824	0.1974988554830413	0.21016293758591198	0.15277980615265105	0.12103102822348688
tarrytown	0.13976758480403337	0.18667037358963998	0.23650059172887244	0.20080244270980313	0.12225349504057215
digitali	0.24648213507339745	0.20382551946528074	0.11592073958632582	0.22049309945715467	0.15045097518200432
didi	0.17668307951747353	0.22557897981425254	0.15311846819554942	0.2457257446219287	0.21527960255998174
ardmore	0.13776329530172549	0.12395764286856015	0.20902534728958616	0.1207027226915145	0.22255301465573657
deprived	0.23333332237365356	0.16345430381424902	0.13380286252748017	0.16570797268822737	0.1542736816059615
exhibitionist	0.19667084077918814	0.19350962324663293	0.19628490099303023	0.19416365969178298	0.19930506957443223
ungovernable	0.2218429656811724	0.2562171544747299	0.24738387382071295	0.2220011458601699	0.26009796937631147
ics	0.2008574478112873	0.3041536853547698	0.28306876711925977	0.2642232675546031	0.24149411803348358
unconfirm	0.12346146589962265	0.20982601550501814	0.2128757924972566	0.2131203146571446	0.15414431599863299
rated	0.25673387881227655	0.14224584757518505	0.2869188222099836	0.27952662350664886	0.27598544432478544
swordsman	0.15482941016424792	0.1916622436308398	0.15938283035575487	0.10818443883364126	0.17897974001972666
sophocles	0.11183985273726449	0.10544043426208069	0.1217398118179343	0.10953154062734542	0.09298193249641838
estrus	0.18272656896866693	0.12286440130475755	0.17873632985233184	0.1942335379113893	0.1796364075786968
spape	0.08458739901909522	0.10064236179986004	0.06543773568326668	0.06633684744104734	0.06564913090237541
evader	0.16656711427585552	0.16712454210721556	0.09723237530518171	0.14961083896464164	0.06831588714540626
tuchman	0.15595755548441306	0.1587311398704707	0.18644963806946133	0.14193330773157237	0.14174104411748445
dreyer	0.21480895403129072	0.157926467543121	0.18894772811356672	0.24031903369006447	0.2594790430147751
follette	0.09054295151180144	0.09811432253128634	0.042502716845142785	0.0459765345731068	0.06233883664227691
finagle	0.2971326051827983	0.2838606115373772	0.21566555161193912	0.17560667821738635	0.317677462139329
monahan	0.14314432141323014	0.2197594024042807	0.2523949285850907	0.27007860385038945	0.23408312811357013
penury	0.2388492874045504	0.2001026063908073	0.19825438884626662	0.19070825074332076	0.17132063988584062
stille	0.1266800309405674	0.21638571738357776	0.19163744911883665	0.18260649039150004	0.23323532512770573
rhetorician	0.20425972279983173	0.12350485100270925	0.13268192698000902	0.12223724408048403	0.1969529979739045
trom	0.17365949996274	0.17795576944063188	0.12083609440145755	0.19227562793640693	0.11202788960962057
helmsley	0.08385426874480523	0.1763066350275767	0.2391365687359514	0.17482947462449122	0.07512289257869076
~~install	0.1284002028831674	0.13835380263606967	0.1323000962131582	0.16601184339154879	0.19854268935039626
ironwood	0.23320288725065222	0.260409629644969	0.24918700884197245	0.23033161367275337	0.22266183874155282
plasticize	0.0467694157209142	0.15470849715577772	0.15226529726032806	0.1904941729667993	0.20346705384401076
shudd	0.24236702603321228	0.2439559292061354	0.26188940348587203	0.17477492746532483	0.2694893356913751
mackay	0.1765206081638021	0.22727868867964643	0.24680324894998304	0.2951962678847962	0.15598354276313942
1.35	0.23900598409959556	0.2698981992098888	0.24578093017856079	0.19376606277019062	0.15952700492902866
footloose	0.21375128829662707	0.3145340151920401	0.2861152935225791	0.20838107183588822	0.2853203828972465
strainer	0.2153049058178087	0.1521139858865355	0.19020024732612892	0.18068219240429595	0.1917969768196797
overexpose	0.20721209572073382	0.21250836797489572	0.20799353759842337	0.25281160794802526	0.22652916128952091
steepen	0.19347171361951515	0.16996685968196015	0.280869944325174	0.25907118583538974	0.21757911599927718
begat	0.23849394524431983	0.277714127381539	0.25209170682741294	0.3775286748546123	0.28381533621248595
email	0.11495445940428625	0.11304426771170831	0.07932093010107383	0.179120783130889	0.19684730178257828
longwood	0.17403442902282626	0.28358232013885626	0.22316886358109433	0.21088052105629576	0.27149504907503763
primus	0.3699197246037013	0.2632481476462411	0.24590350863002777	0.36413631909379446	0.343090730933142
travelle	0.23778173728500998	0.22680299658480577	0.22630826677074609	0.21279932706070137	0.09883447867865203
jun	0.2675862522145614	0.1297555240235522	0.26053680342107044	0.27130084033572144	0.2691957932759501
arcturus	0.15152272464440272	0.225911776329725	0.19021505851609882	0.2445515337902157	0.23277272345289535
hypochondriac	0.13304075843405042	0.17224294263903234	0.1581472281664634	0.1715407133189153	0.14713839111908417
cowles	0.20097507163636483	0.22191794260673622	0.17676253640513956	0.11878928489062579	0.24882220301192204
toma	0.1580844913187033	0.24184290036719153	0.27675809113659755	0.20442718315848613	0.25282431131358934
redhaired	0.19903256575453748	0.1890361397031637	0.12873581379218635	0.14645107268418814	0.06288527009312461
johnstown	0.21011991630748686	0.1792768394986887	0.19004346586189585	0.2364584173877338	0.164391194807828
mylar	0.17944837308740272	0.18656365886359635	0.24189526134372172	0.21521303525139518	0.2502972966670421
hopalong	0.10076522361407148	0.0898108716754079	0.09898047996024643	0.11498692101079001	0.07722092821788022
1610	0.20552757171017452	0.2131932876899375	0.2008078604274062	0.220471250876956	0.23548485048019407
distemper	0.1646709960863953	0.23752452347129488	0.19384182869611105	0.2463747304107244	0.192906391033535
casually	0.30273349801643445	0.23338086039873499	0.24025250764441025	0.22767286350877186	0.1368217725012257
unthinkingly	0.2200579419429242	0.21307611714770616	0.23556330635604664	0.2212868734714828	0.22880539238139072
614	0.31091056992037036	0.24960388377555978	0.34478805794685774	0.3459018939903675	0.3379991326160944
barra	0.20175608013379087	0.2038665928872778	0.17262415500510211	0.16099232193421656	0.14051781923195422
konstantin	0.1491209514444385	0.18399427413756733	0.19268460558086814	0.09929094302512434	0.1324956777637822
philanderer	0.14668931367641813	0.1930507395141257	0.1564849035288602	0.16581731817829104	0.17329295150431875
brubeck	0.10151903610455071	0.08371641231305404	0.08276580724271072	0.09891530307105281	0.10185597485044073
clung	0.28081883686511666	0.25145067451907277	0.2413950612495937	0.23147851573445505	0.23970724287994805
midsentence	0.08777496818648539	0.16561532284998265	0.15709005412547755	0.10186211609480061	0.13894934999102002
scowle	0.28488319001676743	0.2770062113907535	0.26270054770596035	0.21131742639407694	0.2763478958096469
adventur	0.1793280436996214	0.17669794066333758	0.2209192394384997	0.19987085187711653	0.19449777698263976
loops	0.10182589688965515	0.10569721110691939	0.17024165254861948	0.16931968003759593	0.08241547337237243
xxiii	0.1676953657685318	0.1572015511958242	0.2147632966967014	0.24765003911609795	0.13616180243536413
sodomite	0.17433237010918431	0.13413490243532056	0.12469076073335855	0.1358783584306012	0.13064436991651968
sidesaddle	0.1155672449296306	0.13631432124318654	0.11268640520457629	0.0652631173116826	0.13089840244367215
causative	0.1407060700391079	0.13820332816057565	0.1660932246307381	0.15826887558037261	0.1717256958451129
lieder	0.16468982966466467	0.17114026275671174	0.17560400307041674	0.11699678003500272	0.08605246963112262
downing	0.33530429767813097	0.33412155148003403	0.30574346581022244	0.3034886597396776	0.3249653046828484
apse	0.14432528233807754	0.12224121540202537	0.11242305551512684	0.11377797757631848	0.10575170734668407
jerald	0.08666788470021497	0.11918158499777345	0.09692082160833332	0.16104236964610763	0.15085547240938224
elkhart	0.15895602882370163	0.14137739735157387	0.15118812760809763	0.1669748546725648	0.15980040705966786
protrusion	0.18053025113176777	0.20339182525968563	0.18461596201183916	0.19049474305718114	0.16468453841452366
piratical	0.24314021472408803	0.24095563537927375	0.23730454738807724	0.16149795394525435	0.24514104262363273
704	0.3127332168950757	0.23676065395860987	0.3213778422619802	0.3234414892540952	0.2710184043442573
placido	0.13564762528283783	0.15380966339031563	0.16048398134779793	0.22510592294489007	0.10089757618304906
ridicul	0.1910227482834739	0.20457765233150726	0.1968663996626036	0.20288337874150367	0.2034674196111684
spastically	0.14708225281068718	0.08804220945357738	0.09747224114817743	0.07211849542206661	0.10412913102468963
paddling	0.13916047891979252	0.17890651907109367	0.09129021848302132	0.2124674816883033	0.2099854164105698
retraction	0.18772139534046386	0.1934393346804788	0.19240368428636398	0.2066992647010219	0.18046501313103377
rel	0.2609015270477781	0.2574352247281931	0.21104212318336132	0.23263518595659902	0.22146704447872514
drang	0.08861995088461555	0.0815857912417694	0.11977780497137636	0.13933031396652715	0.09528378656624609
defilement	0.1619257783446451	0.20941884537359098	0.1322325327320904	0.1626477124847915	0.14375898416436905
statist	0.2006821655319555	0.24537959318779884	0.19974407881348674	0.274236702530053	0.1989020483993523
condone	0.10363028505853483	0.2029352757858382	0.21230832081516876	0.18928735916972905	0.16344917294792896
poconos	0.135139264630015	0.1296164366123204	0.16040228473575402	0.10508199541316449	0.1844914660826235
1492	0.2499560740752209	0.20828194135658176	0.14601087716004008	0.2279450942043911	0.23988012323894345
vernal	0.20860510475151203	0.24420278177287702	0.19946841863531117	0.20900936281768884	0.19206055371311528
poseidon	0.21375106144969425	0.27320677665312076	0.27272884279011245	0.22890798490597117	0.2115412420700748
communally	0.21536133703144167	0.24964615043222055	0.2421105453478296	0.25876342113420087	0.25664848777378624
dybbuk	0.16953259789914432	0.196404066139932	0.153994112281694	0.12709545744739037	0.1628241260176172
recognized	0.22202651406207874	0.19479478867722208	0.23214606648066516	0.19974587881682543	0.15009894419853964
earthlings	0.16662690718184572	0.21589399456160138	0.17629035109092614	0.12630278573552767	0.23787156106943877
noot	0.14650461842383927	0.19301203721687057	0.1978968420641956	0.1535155082140191	0.1234128815399445
moet	0.15576805376244002	0.3138280830292923	0.29010716749862897	0.27998990357863024	0.27045232116950046
addresses	0.2009566592626506	0.1529595681579842	0.11263367953847099	0.15487058167948167	0.17246791116826468
warbl	0.1394141689495273	0.15453027202528266	0.1952220948353058	0.17130752740396799	0.16624561878554756
disinclin	0.1359610902711643	0.10863592262399874	0.12704962632714312	0.18013067783642336	0.1436023275546636
homestretch	0.056254810472455674	0.15275908570703461	0.09464269248040735	0.09605324578270584	0.16083397899996443
draining	0.20876902712310033	0.2083887794988527	0.16423729969728354	0.18964679259765896	0.18849438234542615
slipstream	0.22415006501707535	0.18336664025112465	0.1831734520794201	0.18066276495602937	0.19655553070430387
treasonous	0.201977580100619	0.2090467558550558	0.21748269599908446	0.18860344206687638	0.22158856089937765
precocity	0.19044365947548023	0.1748948956378129	0.20316530221710036	0.19690062128700733	0.09466322690602347
631	0.2926013971548491	0.3019290810678794	0.3007344498106874	0.29464024721839266	0.22707825353601693
macalester	0.09162444301380801	0.14146831232080354	0.1568688277566724	0.13439065146532528	0.10649206044059989
flar	0.22420648383740385	0.22563311567759464	0.2492747979616693	0.2170932028425253	0.2709446603398967
greatgrandfather	0.1851853850451165	0.17414389817575462	0.10648056429945152	0.13773922831170526	0.11232635731081503
doore	0.2515554697893169	0.18852386218644637	0.17161137308914132	0.1994088000361986	0.10640629049731459
gambia	0.2380345370220622	0.2149422099540825	0.21076019616357355	0.20382156704755336	0.22238594072556578
reco	0.14465508726024634	0.20606663548261442	0.24934765374380083	0.1675413370824476	0.222960420604288
astounded	0.286645580797437	0.23881240918186372	0.26268361624258235	0.29787812296045385	0.20959654505948497
scrawled	0.2025792167292029	0.20321595058596273	0.17128828586335945	0.20814074287116874	0.19361784219427453
hoh	0.27826460871203273	0.10079092760307207	0.11132263957850425	0.2298437496091026	0.1916458656706933
undoing	0.1927808261514253	0.2193156210851616	0.20194449414020804	0.18035522515883493	0.16305117364929145
cabs	0.23507280885303433	0.24387133326974475	0.24268433377684323	0.22144551194452142	0.20809015817886198
alcorn	0.16545060301961945	0.16533673857893713	0.21823683210080003	0.21939681096960217	0.255439411450839
explaining	0.16384636100654007	0.1907546006577888	0.19804915447690358	0.13914800794920443	0.18929857230572772
pounds	0.22582168325743193	0.09301373763952092	0.15241104647484266	0.23817212726755188	0.23401265318053283
herding	0.12134824679500633	0.1249366966379239	0.10110023909450855	0.1651308758838375	0.10010340078224761
soloe	0.11574930989724597	0.14990727421828187	0.17055182084311257	0.09089504327943049	0.15254010725577108
hooch	0.19256515881742073	0.185297287785606	0.20434804575439014	0.22326084304392943	0.22525864434185336
malacca	0.2507242270066923	0.19492061287531573	0.1404245513416112	0.16670396425825218	0.2174032769655984
bloodsucker	0.12140221265030876	0.2060217269086208	0.2031821058567444	0.20788526837846907	0.21499283178279952
seedless	0.10016553058892003	0.1502017022611102	0.1848882842514128	0.17102698116876489	0.14507592032334904
aerodynamics	0.1635571768700515	0.1781008886716819	0.2058488783561715	0.17357450102961694	0.2105447006553668
haymarket	0.21081275406298347	0.24503009051671723	0.2371195882484729	0.26191360555318965	0.2774541185858444
bridged	0.23317319191198427	0.2065389414888019	0.11832957407367457	0.06767766914124662	0.165529316318736
sideswipe	0.190857904232558	0.2512788765845009	0.19146915494995417	0.21087806155789818	0.23645336372364748
expresse	0.19492180385018854	0.1806559389128581	0.20279466206002053	0.1608501754403012	0.17593079452419044
theatergoer	0.14341271727253746	0.22899049504528368	0.21749449768863405	0.20808388768732528	0.15680941723206068
princesses	0.16778800505578517	0.17902368973613741	0.10331361468591438	0.1682854504202899	0.16962229874373588
supports	0.26212769737036323	0.2257516781232388	0.1998945349799291	0.2017188446593097	0.2567186881692602
munching	0.17632747353200787	0.17978343844671726	0.22805565265732722	0.2140882884503849	0.22900975392027453
helping	0.22205274470081818	0.23202346807087615	0.1767519547953954	0.2495665076980428	0.2205345821930276
1528	0.1481230116942521	0.18971748075127204	0.09319386577537254	0.15438936508674916	0.27094340796402083
ploughshare	0.27971903944123494	0.12500750178450928	0.17251322970622676	0.2801711382342238	0.19778523497258993
tardiness	0.17548069537008423	0.1721904729031635	0.19806842990564646	0.12845703020591942	0.15116728234994617
rankle	0.25894532507489915	0.22869199048112362	0.21216915659539362	0.22077154345884806	0.2285067713764981
effervescent	0.23698696899677937	0.23907733664138278	0.24488723195798417	0.27888540669798945	0.2326114698903481
distinctly	0.20679547558658767	0.17938862103410746	0.24384926692561965	0.24756189474728285	0.267312422830634
vieux	0.13729959634055536	0.1449691331706762	0.17373316472556644	0.06864298028868171	0.15592353581525914
merriman	0.18631444691360455	0.15494858053632415	0.19524019758061034	0.23802491032156534	0.2386506040501178
rigged	0.2307779060214254	0.148942898460363	0.2808910466939623	0.22504062494883847	0.23339246298962393
trustworthiness	0.1930807339748075	0.1780125946156088	0.1433043221993553	0.14177736594907514	0.1862336452737839
jilted	0.19604967359345124	0.1220925696418959	0.08433115584038203	0.24995338193299024	0.09061743467466726
fulminat	0.23132644147837245	0.2561208321973479	0.26190816171914816	0.22988556422118586	0.31935385466700644
forecastle	0.16737951193281939	0.17160479042491691	0.09887759717055562	0.1474101398799446	0.13477694351862288
luanda	0.15625649782446333	0.1667775916243024	0.19697986991617308	0.17959205551871035	0.145756292535888
962	0.3208169656864847	0.2002311231560434	0.2542679199607109	0.3250081329918494	0.27180715634259506
boomerang	0.2293888515454723	0.26604936780384475	0.27682521929581494	0.27060114836774884	0.28056129609700053
potable	0.1820755666642305	0.17738573868764373	0.17332003195129628	0.18411121865922198	0.21656705042969435
dastardly	0.2114289538780549	0.19879510641668235	0.1880255055974418	0.16078358004732088	0.2388559034765042
woodlot	0.19876854677219594	0.19800367503252225	0.2179622857272616	0.18375287084653658	0.20050064090135858
var	0.20284368746620632	0.3482082323172468	0.30794492926227934	0.21116531505533517	0.2651281993217284
wealthier	0.1621291523363917	0.2141764105090213	0.18750498761495696	0.2046226915718031	0.208355941275245
orestes	0.1716763740227742	0.12752332859497545	0.2633691802854217	0.21751569972823262	0.10700592611397552
wrathful	0.20751142948774057	0.21087825956823056	0.20468814264379176	0.17700829082382943	0.1807699108736153
tait	0.11035475904305553	0.1862971648899646	0.2011979072235725	0.2340083799597712	0.2641410638332046
uninspired	0.23846100602064588	0.27573834852349394	0.2358589656685836	0.24722435520459377	0.24047422289140455
ventriloquism	0.18554746245103684	0.15273376336598812	0.10823971158756733	0.11838705700689911	0.10229817055350227
gonad	0.1720055977758833	0.16403821712097283	0.15780496463097782	0.20870485550886686	0.18744542766814073
fortuitously	0.16006582348922332	0.2988693562170973	0.3086481678234081	0.35243905650402624	0.3026617509246883
accompanist	0.1442235887183547	0.156155924305566	0.17097904440006112	0.1419864687470739	0.15620373816890593
acclamation	0.15745927515558314	0.14230206799320033	0.1857457187413896	0.19304151699765537	0.17187077288694863
coauthor	0.16579635012006808	0.23501514950111174	0.2259525545947517	0.1936741215434705	0.19809273305851371
dudgeon	0.08939776445504671	0.14567236585075352	0.16806729956208674	0.16598394954707157	0.11052358311472203
kimonos	0.16655643687936586	0.1252271435339171	0.18200929145111133	0.16051149042080892	0.1709669731904702
reliquary	0.16201431586281362	0.17283007437222397	0.12617892941591483	0.1829746660842716	0.15988331192339128
wavery	0.17442954790694754	0.22913254670629135	0.23480888621179732	0.24932350935582046	0.24978515560466452
shithead	0.17839866626081777	0.18321609214324716	0.21152185057272968	0.19962687669341508	0.23561341977457836
strips	0.0816119978298232	0.08388173572002516	0.23861585829450913	0.2331251331507715	0.2582415833066148
915	0.308617108071766	0.3174402249353747	0.27372282991936847	0.26270323040123345	0.3082407281661591
solicitously	0.2505466614977824	0.25867503559266475	0.22582023100595913	0.21553229349727007	0.2284739009412118
penrose	0.22385837460572916	0.23250060144886872	0.25313044669103285	0.24567166670730398	0.2697822574098881
readings	0.11411918779230702	0.19086297369595895	0.21446014520665926	0.1825396851282133	0.0801092998592311
eightee	0.24202221157053042	0.18924174660139162	0.24136041466540004	0.19724971799612312	0.21572101222171844
adjudicate	0.16466962427444318	0.19904090680832723	0.2156379513427181	0.18365434465154906	0.15924907483836842
dizzyingly	0.18379403064558883	0.20098289521569793	0.10958197555705496	0.24124297285899748	0.23738807418459565
tautly	0.25963238308395636	0.26635263367367373	0.25283048661279167	0.16261014622540504	0.25642014368359767
rictus	0.18799339098932183	0.1843181972687146	0.23201040181056284	0.12094687544294871	0.21461325949266197
eames	0.21431077578152122	0.2812025094165401	0.21869838844193387	0.27092938677507555	0.28787286360225056
fronte	0.2985456795000598	0.25350340324125303	0.2505608723421325	0.25615996159890214	0.21516917883424583
famished	0.2351859594540056	0.24005896708535507	0.21453441675924087	0.13556557239013678	0.1534984771808296
moonstruck	0.23073300186226872	0.18055406284654324	0.21256682012535333	0.21949760282028655	0.28629294194365384
cardamom	0.19751574381156192	0.1870328014769274	0.10235628326132779	0.12429646880668478	0.12910779287289412
specke	0.24906785366660023	0.1611781013374047	0.1316381390297682	0.23443383097246703	0.21833522140721548
ethnographer	0.14720962922328135	0.1832966362358619	0.16751246812508225	0.18109254958691884	0.19685215682337448
billingsley	0.20659133627077897	0.2457161824511651	0.19729928028071222	0.2676665257520352	0.2644087986298963
unwholesome	0.2652719624410425	0.27028052861833257	0.25313624509386057	0.2797528088538778	0.2299216045917544
tailpipe	0.11489967900462694	0.10166131922495743	0.11942238168445449	0.22642933691994466	0.18543837694959275
unaffiliate	0.22222811884148008	0.23005313420400242	0.2775661932170361	0.23152106240691772	0.23026677531486184
insignificance	0.1542812264626329	0.1604680527980539	0.18476175267550907	0.14397123924984787	0.1796093401622846
irvington	0.19964284418046022	0.15873162672797017	0.1559103132998842	0.27738699131906697	0.23477712311023677
dreamboat	0.1487702449570988	0.10654260400168951	0.16456026799818999	0.14533996241691283	0.18368694718331977
snider	0.21766423428633902	0.19747928835927853	0.2007836217909035	0.210702942377134	0.21517428550709697
lippy	0.18299071970716538	0.09449492722561581	0.14026995609651316	0.14197628694496442	0.15051324100737792
pertinence	0.21909845490089877	0.2080225312156835	0.17327877887468635	0.01763538482583965	0.12715553752919123
lodestar	0.2127822899545073	0.1023314030471793	0.09872117170290401	0.24114917007347839	0.2335319244687575
juneau	0.17682181884506493	0.2262743577443501	0.25838538964732216	0.14153624596502506	0.21539413083473682
gracefulness	0.16951746563976477	0.1115624035200593	0.11896967694703309	0.08151005053239035	0.1493481654105035
gaiter	0.198208371648409	0.18109792601862726	0.1373197749630064	0.18422401362441107	0.19319288407434987
licit	0.1719636553084312	0.197809546592058	0.2532609223166602	0.2046551012162713	0.1430846108797995
fredric	0.10733777863203398	0.11286992781254089	0.08498264037620828	0.12153936547821959	0.10943635680664172
ganz	0.12325949037737394	1.5729484880155908e-06	0.26616459374407775	0.25372426288920263	0.2640231446789272
turbaned	0.24219655598791912	0.1684632455769909	0.28365115637642674	0.19519076225786386	0.26988572301402336
chomsky	0.08122262144643627	0.11254823739153134	0.10961734852946396	0.11148429135406983	0.08432717417428587
bouvy	0.1637170397951522	0.1923607971994501	0.23256375869771176	0.13927202193644633	0.20371134025917043
kleine	0.14688994414319517	0.22387928026499004	0.05640186248518653	0.07730128454727014	0.03282289475858585
burlingame	0.24414390960571236	0.1355987932863269	0.2382235216210799	0.2947998601383898	0.25273971851319166
579	0.23211306577937615	0.3566164472566523	0.26455317302077147	0.3282190138131375	0.33393838047630164
wroth	0.13487366267441125	0.2151210101494493	0.2225515598003933	0.06544848487114568	0.21572493022279365
camouflaged	0.2534465134847428	0.25409325137280264	0.22983828797042316	0.24572644512074573	0.2555821294683188
headrest	0.14805278825198376	0.1410693489466457	0.16900170917818025	0.16026493177564008	0.12633929413116773
souk	0.14375894886381727	0.14460217285281934	0.15789522965298003	0.1787125834491547	0.1980102508355175
woodcutter	0.20552920709648878	0.14805545346591453	0.21704826545906541	0.21482340055150756	0.19208094063870465
ue	0.26860308953398565	0.26633388757701315	0.26271300075088977	0.22021920889114072	0.27767728975327355
bicep	0.1714882838906763	0.15201459078711696	0.17368014846227475	0.17668314871019625	0.19012149428019165
domestication	0.1322789079237603	0.17170134403422183	0.09553495671523489	0.18929328542407792	0.17396352560005704
hemm	0.3079198109491019	0.2697218212846835	0.3019994057051419	0.28926237009938705	0.3776732618951532
underpass	0.19944103020985107	0.14563822364504447	0.15187282355664447	0.18527337043453004	0.18278946860442855
moxie	0.183327521826893	0.1911689340021847	0.277588710523959	0.23890250162549617	0.2738651159563553
healthiest	0.14672120055130974	0.1448092312431079	0.20077421834923062	0.18658355423819584	0.19682531792011027
temps	0.05664459081086559	0.07880727192129805	0.20196141573017123	0.19773256215273502	0.2215086808264545
14.50	0.08645086302528865	0.20574818220959806	0.14574218370596975	0.09603568281917652	0.24733485665519167
xl	0.22862378803755812	0.25337710493408105	0.23104699230883982	0.2474689820001951	0.27761611887074517
sturm	0.23231175989779837	0.14918646059829022	0.20567943205578101	0.23977592884975144	0.26453040688562196
lawlor	0.1550013239447089	0.21702800088590024	0.09913983228575063	0.17459958604693593	0.20280235391681423
936	0.1855043636896773	0.12347180177598821	0.2271937900137706	0.25913326105572454	0.29502754088973426
dusseldorf	0.23426718961315324	0.1012675880463532	0.23788839274787021	0.22572186329253244	0.1988483814521712
omnivorous	0.1875455334347628	0.19279308869614412	0.2023228916458395	0.17837379894272956	0.17648391668642507
typesetter	0.19632500148712395	0.18473721287087835	0.1145878865262247	0.10427250492759854	0.12786348456109586
nucleate	0.21157899543685843	0.17889711017981205	0.229570936544337	0.275399362465879	0.048630335933616264
capriciousness	0.10139886063675752	0.1675474409735143	0.18872691616581558	0.16951946291814834	0.1057438723038418
monumentally	0.2117372109984758	0.2555903633341772	0.18938477412843716	0.16432923529240107	0.2291051352844089
swirling	0.22757575955183046	0.24963894119395968	0.239456478007758	0.2456246578389818	0.16193723330441467
wexford	0.1276302911037012	0.11969494062563857	0.14370788393578057	0.19491890693332203	0.21582737177223624
bushnell	0.11944567563202552	0.24951384530658324	0.29282484579374957	0.24788660390938191	0.27568243803399756
stifled	0.22284858092530319	0.19132120499741673	0.15608378969810477	0.1707912523009373	0.18819360108805722
bef	0.26569625142483533	0.26599274191897326	0.14037336032187747	0.19411969881076052	0.1607633534391713
gymnastic	0.2721542412290895	0.268715731350128	0.277743524641848	0.27611147851239015	0.2157746940113049
watering	0.1942341148822435	0.2018676532606366	0.20518263439803075	0.17172009379237602	0.1800265778185359
coltrane	0.12256288725884093	0.08746124549249075	0.09645327972641686	0.13002789927236535	0.15348717870327408
mononucleosis	0.08353675254192239	0.0994610971735129	0.1200767690733144	0.10864869590445374	0.13510859675666118
urdu	0.1661760695739132	0.14206087551128815	0.1326338491218977	0.2019583157874346	0.17757926431689078
exploite	0.16838930395028573	0.10967346395107941	0.22563667420046693	0.18182477060932195	0.19197355700836843
robs	0.22896520053761618	0.2612386080270187	0.18164432385461016	0.24563272915906703	0.22559109529905647
nailed	0.19513771656674453	0.23186135937285046	0.18336368847861087	0.09141106358792866	0.2673433155974817
1608	0.22253784634499452	0.1834791913853203	0.21956324609332692	0.17056197866704062	0.24036663147494222
nunez	0.24630355627148537	0.23010129259996875	0.23869821356244791	0.131961783481004	0.24939095863784616
waave	0.22208610058858835	0.2505287487972668	0.18366845642210525	0.16348701310397903	0.25271673457312605
eurasia	0.18499563699457558	0.1839644778942003	0.1806843426226509	0.26110075523968684	0.12784338076451188
weatherproof	0.15200544994259474	0.21171911892521572	0.21251510570854595	0.2007945545104862	0.20491686076188845
univer	0.29533549840140005	0.29161412545322674	0.27182367389148365	0.23918961822823412	0.25740268551408624
advisors	0.14428124037489684	0.14233099495693113	0.21395551992386913	0.20260910309725544	0.21248411402751688
nly	0.266433009459008	0.2448853746598654	0.17345371418908945	0.23879298631508816	0.18613575398993365
foss	0.2659203489195218	0.2331440162809555	0.28635805409977316	0.3107610192901671	0.21978921402857038
fanciest	0.18827493207256227	0.12124148052288186	0.18277157720594292	0.1698288040920405	0.16468063248444398
beautification	0.2102671973572778	0.23582515999742093	0.16015048045544247	0.2174945579836842	0.2412465404154231
754	0.259489876792487	0.31760432758375584	0.24164393974461298	0.24534206827255556	0.31231632492956496
minot	0.24805710609613765	0.21487837896208375	0.24243480616140003	0.08293136764605469	0.2432421316811949
humanitarianism	0.18375234054722514	0.15850983982866979	0.1761000216206421	0.1737084834581721	0.1614406197422867
microgram	0.09865853882752482	0.15492866103576639	0.05033445460474978	0.12924762484828373	0.10110041378582284
shelle	0.30176561290253456	0.23598763226205355	0.28411477861964346	0.26397860738026235	0.27081828007514286
atlantan	0.25265983196463226	0.20318606798338482	0.2263734430869777	0.27007016926472477	0.247730764611596
heli	0.25534588399687136	0.17868313039774733	0.257120984456307	0.2982298068950337	0.3238783121896334
2600	0.19643038893964743	0.10106775507901578	0.2991720651657788	0.2587298042882617	0.27783304225250316
making	0.23822667675214335	0.22839050626558088	0.2021605956961612	0.2386502656114243	0.2554256714372852
kea	0.2084065326459881	0.22755099027668169	0.22028173344253107	0.24554633869413567	0.20574072220715348
unspar	0.2506541034072363	0.2856717726859841	0.25036512760745194	0.27207894244821884	0.274891652317581
scamp	0.20848681820400577	0.17705763001112831	0.2044116116985092	0.17119302514203866	0.20366109900571525
hennessey	0.24183875467133398	0.28101460781089554	0.2949475760356072	0.17269474194378828	0.2613924937430884
hazzard	0.11599450338868747	0.13256354910447635	0.18348134865387863	0.18079150885570075	0.12624190344123937
blessedness	0.14574213153310664	0.18200215751112908	0.16281692974762316	0.1376446981622547	0.15270116789730884
prudery	0.18761000417695756	0.0956684869307149	0.14764519229766362	0.21141872390453947	0.12601341733603214
roosevelts	0.15554023811128903	0.13866628154895863	0.1056923130825175	0.11907172853618334	0.11173817163632145
rorschach	0.22937866373902968	0.2555084656421278	0.2055271383912773	0.2512439169071518	0.2733087347122218
focusse	0.08065833675113732	0.16220655747991525	0.1355234848657343	0.17600291318323125	0.13200444435047437
watchfully	0.15015224428927576	0.1315475080069684	0.12196675680259556	0.15399561087265531	0.19643280152511672
kodachrome	0.21815636585862064	0.2246918187192704	0.1822391021173988	0.25538053092414825	0.09440643578502333
thcentury	0.2646998506318718	0.29157201361196544	0.27469415438063616	0.12164862124741227	0.29614460711095014
interpretative	0.196249414090144	0.24526778004277913	0.19130709716556607	0.1637509068846768	0.22197485829654817
submariner	0.11186674827191145	0.15684349077714976	0.19659405814495554	0.16533828314777543	0.1729989172400253
rips	0.2049881878287538	0.1541723460915565	0.20521646370125057	0.2366442296229053	0.21821898200687703
misidentify	0.08686405341003328	0.15454510491292062	0.2448062071251907	0.25546623319361855	0.2589818014671703
delimit	0.25484811616264286	0.2385029696399866	0.21653010259862732	0.23753223170122775	0.25947019875587374
glasswork	0.19874845891887866	0.15132901194338688	0.12411268096420042	0.1942969387168585	0.22217326827688635
1.26	0.16615569232930016	0.1363073255529343	0.17346065986779588	0.29269407239006523	0.21465648291467918
dodi	0.17229809166304655	0.18284198454769568	0.16141969490463293	0.28443044764680125	0.256259938585065
contai	0.2796785097183893	0.27619159084963113	0.2959209557216046	0.16975285635412574	0.2097816441643926
officialdom	0.2620972636676773	0.2292110176796035	0.23076580528850585	0.19911723987754826	0.21526688537725233
sounde	0.1894286223094887	0.1009944747509161	0.18886934481795895	0.2430125842690535	0.2878801717922244
mosely	0.19347014656118985	0.2185196011075633	0.26628441354528176	0.18211208459995443	0.23880725422883844
cryptography	0.08032857490036532	0.11991774437411096	0.1841384988197809	0.13423081694657055	0.23875721045041048
grata	0.08560945704113554	0.07101113116448636	0.069605561932011	0.07355408512090088	0.06572310450167383
martino	0.1705783665065838	0.17729876663879338	0.17886808740888793	0.17367176566571307	0.2814943083505042
admonitory	0.2648328552573973	0.1997247961203361	0.2696287551011187	0.2820446127358608	0.18518653089693785
unfeele	0.22893029419835625	0.2311836657866823	0.23333631173815775	0.19564692342880421	0.1936743737030555
atherton	0.2286267909312675	0.2743138466419681	0.1257786616995169	0.22399094571517852	0.27392985401125003
mandalay	0.16548749761270945	0.16450009753043332	0.11915031689130691	0.20770953464291447	0.1791963015552318
spandex	0.13824497166856778	0.15271689959315676	0.16396056246436314	0.22861315695064854	0.2187274080127278
midw	0.28676430557008215	0.278946703946133	0.25399887034496466	0.2374157461218179	0.1796759261452874
freeport	0.29235634205487604	0.19626648984515166	0.25568081377317825	0.22990863505376907	0.24098707041675996
snarls	0.252518340951774	0.24052323845889742	0.22911249702948808	0.26895398900633044	0.1409712152519194
mains	0.21382765337613585	0.22298417200345633	0.18998297943137477	0.1664036977669364	0.18524595380612022
beneficence	0.15958065425811138	0.2294484180495132	0.25698959231403035	0.19875701381555783	0.18715602137755885
ingall	0.2373006601325859	0.222428185414695	0.22712953699615654	0.1751480503044233	0.22554135164042557
falconry	0.16274502092936893	0.08423192712621641	0.16450118608835834	0.14825072241813209	0.20711817982931366
levant	0.12736174534921826	0.20803083462517794	0.23283882519860466	0.2286962089630145	0.2470361650144714
complainer	0.17879183564832618	0.13456428945318638	0.19402118426535578	0.17454971423870297	0.1704347556717371
lucki	0.15279535929828672	0.09997271181900724	0.13753639490072925	0.16738363597728925	0.15995218912209697
sargasso	0.1741352959334619	0.12082823433335617	0.16264418240843384	0.15631192218199672	0.15074357148206327
angularity	0.16239718010393173	0.14367263290445678	0.18431886717428733	0.13065673005130624	0.09811970782914266
multilevel	0.18110193556596216	0.23712131321701369	0.21320085728555957	0.2926180003983389	0.30110932862617007
backache	0.14415464778915063	0.17702732955873185	0.17619077969774263	0.19483336881147564	0.1551409896897581
taxpay	0.26990464508004675	0.2614331848590765	0.17574305426405856	0.24512425854791808	0.22656825503681652
fauve	0.280079515362911	0.09684638339839663	0.16065412078182123	0.16130418550888798	0.1173102767475539
1697	0.12900604070407223	0.20724255673925915	0.15768316250378792	0.20569944209866903	0.13403748695266965
premed	0.27799843521904044	0.2160226752184895	0.23267808009995025	0.27286026688888576	0.21220359044442325
freiburg	0.17701148141132572	0.1374883921086316	0.1906053207294099	0.10614730426295427	0.09132754600707571
eiderdown	0.1854205696526416	0.2636014986551843	0.14798950901796692	0.24518762155740692	0.23664002615408705
dyck	0.1515202175023721	0.12265507874717146	0.11929859702383765	0.13792518210297672	0.16609015871882252
nettlesome	0.28388866715592387	0.10658003636274577	0.2773211603119139	0.3234663189458324	0.2770161083775639
1480	0.27472974641745057	0.10436394297356227	0.23122445482946716	0.11690883530883822	0.20737574140974638
selfsame	0.3031575167244318	0.2914343595579067	0.25494792030646873	0.30048878211821317	0.30823110198927944
booz	0.07217575180506686	0.06540280227630335	0.03633503174997706	0.049306138316287496	0.09423346154310512
greengrocer	0.18186770108557412	0.1645885727637786	0.20623189034287656	0.14029204640322934	0.18396721019141188
shirtsleeve	0.2772460960765281	0.2313025409494985	0.2134830941058773	0.2222553394810488	0.1807353432315742
triplex	0.21309282300821059	0.21495013890862516	0.2129066451913138	0.13349703846052446	0.25700425610931
schenk	0.21478202015367898	0.19665555204155546	0.09911126234467965	0.2062013930424977	0.19861059957596083
industriousness	0.12956048901916023	0.07564682310007376	0.19505037720151316	0.15176905218116668	0.15508212764695037
locat	0.2089411134053847	0.22424981034853309	0.16851305479603196	0.18291508625974248	0.13017864533966628
bache	0.2831807886368717	0.2881063239713877	0.21925717620955815	0.21254685890795574	0.2686241936526552
bennington	0.2119331002312194	0.22975206393541883	0.23529883228941126	0.2183421937534637	0.21704525128167604
bandolier	0.163113281949836	0.17113992238275796	0.16328207280170717	0.14118005720202284	0.19320660931766062
smalley	0.21372904431485765	0.16397746937056712	0.23934450620702857	0.20034330385240412	0.25062757579428846
iamb	0.2675460020466349	0.2688536030979283	0.28843800888376764	0.16270761817448978	0.14835118658714924
ravenswood	0.2630610666843145	0.3104646016411457	0.2057024050816445	0.1247341116370454	0.2664892171841056
transformed	0.28265824487006097	0.2897698317323032	0.25955832695661374	0.3129955879433603	0.3301211452405039
squinch	0.1700285777487489	0.2546252721348911	0.22552192013845618	0.21479244268531988	0.29714612811349905
sharps	0.17539215983513046	0.18320953604136406	0.16270828093519185	0.2183045844009101	0.15979962801733993
bic	0.13507207140535832	0.2688607354356602	0.27835114699674296	0.2682489167067598	0.3046208352384635
exchanger	0.12413275392624534	0.12993291850207045	0.14362400581625676	0.14867340577378074	0.11637187799687662
inhaled	0.09403137189907917	0.17667220751080262	0.14596522190848973	0.1460534834943694	0.103596709838761
anchors	0.15938167659086452	0.11324149952764001	0.17486423793935768	0.2685715656991809	0.2805524410943751
discolor	0.14057117415288276	0.23071649889919793	0.21950157466526365	0.16491487636691238	0.1510971885511681
uninjure	0.07625621391602928	0.150734642361957	0.16358674286646022	0.09836271573590567	0.13056910658137702
harebrained	0.21829556273408135	0.21237931036134652	0.19795737682519846	0.21567410250013497	0.20372390689209013
disinter	0.2525682962313041	0.16241263981677653	0.23386767666717098	0.23366705648289018	0.20024196519810755
urbanity	0.2050873605102575	0.21185862727136537	0.17912021108538098	0.2023206944597203	0.20867424126596412
bopper	0.14953773838881443	0.14373426598416933	0.12028990151619921	0.13132120435190078	0.15972113879474717
speller	0.2559639202695821	0.2238196762443524	0.19657649420337364	0.17654944084459612	0.20185819773037594
orate	0.2181896291494548	0.22449044726292963	0.25107265885318697	0.22581644130424516	0.18616844713996103
authorizing	0.17393347251671323	0.21260217167082654	0.1827238296313827	0.20983776378246485	0.07567930513051291
622	0.355966548567213	0.20776689292886094	0.3498577518363217	0.30144851016931107	0.31607360081668273
birdcage	0.2093353123551119	0.25063574487616724	0.1842553175178673	0.20291585884113428	0.21361910179866966
lubrication	0.15319612480667774	0.17909923585766058	0.20170539339873286	0.16234380594587391	0.18099182581232023
burch	0.21269815864426514	0.2111723800729483	0.172744272066344	0.19985903570754115	0.2167917601054622
headlamp	0.15056371049722617	0.12260787129586673	0.12690865246625893	0.14976690850036428	0.16366016205364844
wilkerson	0.12436191006842139	0.284811867818783	0.232519663346022	0.3244455358071288	0.2928376262182509
thundercloud	0.12573904478309458	0.15933796308141535	0.2255457766935503	0.20038292728494644	0.22080128801403529
hooter	0.16317536786053596	0.14367286381494507	0.1945836397342163	0.20521464132703182	0.27095444269780583
prepubescent	0.17417003871190687	0.17921709588549425	0.11489270044391714	0.2249427570381054	0.20935122538491746
sousa	0.1012624266443545	0.17361724162044964	0.17089503367877248	0.15727783325722974	0.20197660725320501
confucianism	0.1441384716067278	0.12475284533429515	0.13803190267892512	0.11263264112157963	0.15199153356225092
cigarettes	0.10658561832232533	0.13625890088239434	0.1248367581685212	0.13185727162878808	0.15625747536052845
eunfortunat	0.1486006564487866	0.10896957624803952	0.1902065055850423	0.16632124072335447	0.154943730914859
inelastic	0.1635978760557924	0.21268289887148187	0.11975315846819486	0.14302838838838947	0.11070247453893467
sacristy	0.10856547690697908	0.12684164974048054	0.12089523901992438	0.04511111729230821	0.11258925260725375
evilly	0.20277222078704993	0.22329791778829794	0.1434109250184629	0.207543624588411	0.2494915669354821
craftily	0.26159827128036567	0.2199438170574746	0.25212872440577977	0.14727477192834576	0.26848416660718993
cocker	0.21899865560745682	0.2194134731574374	0.15607174206125654	0.24017379069815264	0.2097336522885784
standpoind	0.20566238065214235	0.1905400090036884	0.16918000546369832	0.19555094491393474	0.1913758942884281
shaheen	0.24224999916157508	0.19700279276503244	0.11276688611879693	0.2319984737493164	0.26952130030951255
imbib	0.27591760386569697	0.24146660858697408	0.27338833964247594	0.24344169680901062	0.2164916312058292
17.4	0.244193573805628	0.21356730415177821	0.13456959916376543	0.29560851822163414	0.2901102850212855
chintzy	0.17890484198182519	0.2583837589391987	0.25556294274885	0.21274672942584943	0.23693815599975365
plutocracy	0.19085632314382417	0.19299665971013505	0.20737764573596393	0.15737685681372163	0.19184630943868164
halliday	0.20357000243201975	0.19935516183392396	0.23578831288926308	0.2681677589444049	0.2083409678639896
brueghel	0.09338146361300756	0.1228306572337519	0.11035948576968628	0.06275033534021535	0.07822281729030167
chatsworth	0.2619642445111008	0.18860957387104169	0.1561585014018282	0.18781645557330187	0.15728932336044765
overwhelmed	0.20897857569587264	0.23856778644529844	0.2425656135556437	0.19449396608391908	0.2229517492815178
crayfish	0.14760650262611413	0.17982995107930233	0.19441612244758966	0.21230009320311427	0.1873772246522345
neckpiece	0.14547231173365913	0.12383568812491759	0.06941720839855037	0.179938964253672	0.22232636790582605
kenton	0.18169550046717867	0.27049208905688127	0.1595338131370117	0.28089725788420894	0.23936767577993198
scythian	0.15391189542652586	0.2141621500549479	0.13727523445924103	0.15754463602307175	0.10712179044743986
gasse	0.18306448710336906	0.2504672961522578	0.2384949566934343	0.2956508837249505	0.25139641740989044
gantlet	0.22644559128375727	0.2731515869812254	0.09226350109959297	0.20999360946315415	0.18356998067569763
balmoral	0.20766989712608752	0.22689323117629753	0.2706929781608262	0.20996278648926398	0.22173250645373588
andrews	0.2243165100958721	0.18902853655931193	0.22346272330257602	0.18847245436512194	0.17528308809763707
angell	0.20976240340597754	0.29670849400848875	0.30084167898984326	0.27745632638453377	0.16322780227105693
wilfred	0.20539706888681855	0.23085377213147643	0.1876574983624526	0.23922681797548706	0.2010057059920326
rebutton	0.1991937208317745	0.17191123542857503	0.12707184230910631	0.09935029060894396	0.09142446737691934
moray	0.2083736891752744	0.24630694955541935	0.20771434517848447	0.21365607934978906	0.15920340261903052
astarte	0.09591963485745386	0.18933214826467576	0.18943538209007385	0.1101809660440341	0.15894001812475075
cunard	0.225065726866422	0.21768420650681913	0.19627583906097515	0.1461603371057086	0.2563235220864965
featherb	0.2328752050126126	0.18629322918060706	0.1812566964094583	0.1634562222196017	0.27141250952032286
capricorn	0.2104208774350069	0.2139669760010911	0.19140790951455205	0.20039035218415352	0.20179913524236745
fusty	0.22992651696999294	0.2367580006264507	0.2218185960336135	0.24234551355992062	0.27445764198081357
slimness	0.10377913739402711	0.15440903574609635	0.12275920679714107	0.17888463784969752	0.16458275918669457
tyndall	0.09387909680982892	0.12364740967841881	0.1600555549433373	0.16438948245594298	0.17860839447411142
battling	0.19802742883865584	0.10109701395430415	0.18793547049048698	0.17709790511766943	0.21715530646357462
crampon	0.1370491035010901	0.12903000333836862	0.15897451868310533	0.2040215701986261	0.16891702940892905
sounded	0.15279440049488724	0.18746017464153222	0.22330930067769325	0.21914011256393529	0.21508669603804423
tendere	0.22982560219646922	0.3059379707103908	0.2879675028969889	0.25166023031981755	0.24741047253926624
cheesy	0.1436341999634278	0.1752434535764236	0.2121343755115396	0.23128154932145634	0.2541894218515691
2800	0.23128068761475365	0.17832229619896128	0.25372393565273255	0.2506129460843679	0.20789314748935406
rhome	0.24464496732028013	0.1314851782790224	0.16928332026889334	0.1343085236216237	0.18260274961526066
caree	0.2552807302065326	0.2242062409245754	0.22323524764914962	0.22494872613900502	0.21845091485822893
dialectics	0.1909399324307639	0.14528974319636986	0.17980668710108344	0.16544135747135003	0.15661119912852647
verna	0.23647507318531635	0.2025600923951263	0.2003209902452969	0.22529056599786543	0.2154188140148232
dykes	0.22436714078208136	0.22498402067872322	0.21557103654618726	0.25134204677168787	0.3069860357476171
vide	0.3515361578332815	0.3379385375721825	0.3284918347635602	0.20637071397683526	0.2362577647191546
courtliness	0.18411427463025848	0.1568628699141519	0.12348060376681874	0.09412702995197264	0.11868383526852155
flicks	0.24071513287943658	0.25166118596564	0.22458522195345565	0.19601175207802496	0.27668320869158103
nullification	0.1525589773368134	0.15062710798532733	0.1419702291309811	0.14211435521733545	0.07102374866582872
sewerage	0.10792952557739544	0.16438266270566004	0.12994603209700384	0.14160343504996584	0.13271241343593218
mandible	0.10591431942814718	0.14189920634620062	0.16239589423039957	0.16735620852746477	0.23449853857421626
etre	0.16777395224686517	0.19904109822780333	0.18966590581416062	0.1868021491326684	0.11618416589004037
befuddlement	0.1544843202650695	0.16278132768013037	0.07920310699258015	0.2187222205385874	0.16534242777608096
dermatology	0.1450867850136705	0.17885107749008453	0.21743878948268294	0.20727360719552274	0.20773564558759067
proudest	0.2491611549847982	0.15342523837895006	0.25644690614643884	0.09714521248233976	0.18213245670384134
lyrically	0.18075725180557736	0.14247222901492318	0.19599750604420146	0.18313988457324706	0.1785628193240716
cannibalistic	0.21489207407461697	0.23781265802872367	0.17392965771928579	0.20361148950948937	0.24149365362984251
vanishing	0.11138233343785046	0.21140585651868116	0.18996824401101783	0.18666653910722894	0.18821814196230602
adjudication	0.17617600455182708	0.15241481490141273	0.17977093672217048	0.1858592315090391	0.15823095277904262
quinine	0.22001430993279944	0.19012369447174907	0.21926324335082778	0.21132316012591332	0.22885201604855657
hallucinogen	0.1513410121539837	0.1603240093522043	0.1430389345413054	0.17730458783997705	0.12494955678807247
interests	0.20266277974249058	0.21275157519904894	0.24804177956213994	0.2430043269233748	0.19708209863646367
ferent	0.29379536200481826	0.2889379533910297	0.2687797664488044	0.24999817844025982	0.1372893389418346
remak	0.26141992999232627	0.24872134096546072	0.22384646634003685	0.26865433443622894	0.2680043884112418
watchword	0.19667841745783637	0.25488427017070614	0.23020827099696267	0.23275709603313624	0.15798261349535483
enfranchise	0.17864065532437418	0.23108180788700805	0.20866815421678167	0.07521381489025036	0.13467625980535203
linguine	0.07443656328727094	0.13434443958107214	0.17777285110980356	0.23360218757626394	0.2051814092456766
unbounded	0.29568537543649137	0.30082854335281745	0.2971910590698327	0.28763829361318954	0.26493827808659126
riven	0.3408009805065314	0.2942071482600384	0.252866364073257	0.33583953736176325	0.3133463663704206
logbook	0.1701075623923918	0.1327256522127278	0.16622394980442004	0.17783815416134524	0.1913313000212915
isay	0.23373016424452953	0.03382968143646875	0.13570087572288583	0.18684288702361557	0.20407308221343845
internationalization	0.17342033340680005	0.1641673941620081	0.16127761869255636	0.17050180296461856	0.16621664656576413
glace	0.21852243937969507	0.18606162663767187	0.10515955338578949	0.18343116745056018	0.14935754403206206
dicks	0.17207148022632113	0.1781063736937475	0.2111063929392368	0.19466724849787764	0.18912393782232204
cotillion	0.24563819662552894	0.1956164879569695	0.21429044662013566	0.2280282294001535	0.14600391839993135
erhard	0.1847340531508338	0.1813318315839287	0.23947981319133754	0.15063726759886673	0.16765135210686952
harland	0.14318093740696763	0.12580636738010653	0.17532640162869112	0.22577666145768008	0.2688054743999413
tapper	0.20487219190129605	0.14217391860503467	0.17545915728245445	0.19060508541996538	0.14194375576923002
depet	0.2129597412480056	0.20580173529414225	0.12899449895657739	0.1563443666308457	0.15371477547564555
circumspection	0.17437333828580517	0.17963526598201854	0.2147024331304454	0.06884027956975436	0.12235484708681206
whimsically	0.2786119935694936	0.27273038432307334	0.3174767779047372	0.28836277171619334	0.14705173370678837
schnauzer	0.06487429871919674	0.11974168086884115	0.11807152884776562	0.09801017774797115	0.12248742950066577
paterno	0.12529798644565318	0.15125252012313883	0.1739270708114221	0.16495152285533995	0.18106058111118478
ooooh	0.04921332422346747	0.04235255669850202	0.09286102395893608	0.12327475900607014	0.11780088085745036
663	0.2171301625607919	0.29971753940109863	0.3554018168578681	0.27056673318351665	0.28194901129038263
org	0.11696106913788462	0.11568152425789863	0.0968598854495108	0.11584096987386194	0.1974264619816044
nudie	0.16258964278032734	0.21560764907507654	0.07941048013785401	0.14260923356938915	0.1522747709587453
mocks	0.2089315472020688	0.15648666352801488	0.18284227660576208	0.16258288151165523	0.19431837080218198
yoruba	0.22406666076418102	0.2013033497138713	0.23095303440377962	0.18912398289000798	0.2014581705655168
antiestablishment	0.17680699598935426	0.16828602445277244	0.22870400364278265	0.11279096385723625	0.17274739213597112
firebomb	0.2135793422313127	0.19990342596387553	0.18455138378120287	0.2454939541205759	0.2287072492436831
sleeved	0.17962168376824605	0.13895406588031872	0.057839965854238506	0.10442570795955956	0.13381147971791668
peachtree	0.09436825274405862	0.15491098175928736	0.18601351830551927	0.20941122565525197	0.20528356312603044
laxity	0.20169483821940568	0.19395666239615822	0.19865505177443069	0.11045194270034975	0.1570724038044103
exbe	0.1464662890902213	0.1608287716076093	0.16307994973098608	0.16723986181068548	0.17653473440759757
rhone	0.21140089254276181	0.21484102916353037	0.25429981127029977	0.2962453945923479	0.3263931815492182
concisely	0.27288156349268766	0.2482490312380511	0.24263413155924135	0.23710874752037228	0.2089267250856347
glamorize	0.20597558777073327	0.20526842055818262	0.24936269593580124	0.24500039785945144	0.1804198708453413
laudanum	0.1402719794760836	0.13698406026195126	0.16613000451721013	0.17257002004001495	0.1737561848356452
crankshaft	0.11855741428261132	0.14691941752079773	0.1647194123985966	0.1368213967470216	0.1535894775398016
undergrad	0.12868185817319416	0.23895509070051402	0.19563575344418369	0.23551212281922346	0.2747019365799983
codpiece	0.12198350686310572	0.038681407489940034	0.12473989952315867	0.13286860438799897	0.178070195740364
overrul	0.1525368441915381	0.19454349726442996	0.20249186152995385	0.1503095974998802	0.13012584258708781
abyssinian	0.2547689981094079	0.18522980127099095	0.13200967403994807	0.2784710035374486	0.19916539334808317
lefthand	0.2917284649852815	0.3418231912351747	0.35066472613806543	0.3326054748681522	0.3269614552753366
riparian	0.16595560711520452	0.1305167797067894	0.12822480014487866	0.2054965998923625	0.2054343907544053
mayfair	0.2852892421484846	0.25408776477189554	0.28402242136561273	0.23175267379820372	0.28889967540895367
entreate	0.20778913475827218	0.1869635149629355	0.23111280503266696	0.2132531372451513	0.15556587198680427
aerie	0.2755617181961661	0.2757761436197337	0.25924613508625705	0.24202865777643648	0.21930666795726061
cutaway	0.21469182390712552	0.22608302724166	0.2434149460139921	0.222911157856395	0.2354839093972771
giggly	0.16058480881401072	0.20033306698388512	0.18800546476266825	0.1998352272748928	0.19919191441400336
astuteness	0.14836674812133155	0.15769751127198678	0.12432109955155497	0.15261453782468512	0.08927817314587211
cannot	0.1926249141150935	0.15997534180898368	0.17953359003208835	0.14058169113350769	0.07570108424470845
permian	0.14740680096503464	0.1335438887890274	0.10996644730662652	0.22450246799449755	0.18237106759914254
cheapen	0.23166609094444435	0.23024095491850347	0.23291227106076715	0.23372646157354607	0.23782623067358183
opene	0.18388216417218495	0.2230930882366173	0.20445852934797318	0.23670177951223778	0.22578766122904212
thorazine	0.13730322568137154	0.18645768958500028	0.19833301972091744	0.22487462321461424	0.15834289250857592
rickie	0.1083801942171474	0.03931264040159316	0.0912818105254819	0.0782162248766598	0.09490747657011922
equidistant	0.21901215907017696	0.20212661433877052	0.19341757899351145	0.053168457544988945	0.21189349745186836
eridani	0.11572254157159903	0.08139136369870528	0.09689421006646479	0.14069729456972135	0.1131372116607822
pusan	0.13732081284673145	0.18902273303258857	0.167962066028172	0.04715186429606766	0.0761890255456682
vesuvius	0.16314317855932517	0.16225095844102677	0.08461176408572973	0.17153134858810437	0.10376298503789146
pinup	0.22880121902163827	0.22271465828978582	0.19236802283881838	0.23095539211155347	0.2281838760109069
easiness	0.14141061947117167	0.07567037229378286	0.11294762474845561	0.13027198134986748	0.12769068827589447
logjam	0.22881239189128993	0.24565557490311057	0.25888829146599207	0.2362631089044526	0.24389458154779256
fet	0.2830220637910561	0.2785468290612275	0.33711983377911287	0.3467541936982808	0.2256309087274191
mcgeorge	0.16594077671756363	0.175972841128605	0.1605803171357111	0.19846260654863307	0.18410753080790188
shopgirl	0.2350763698423011	0.21529633782446259	0.2155887906620513	0.18214213653760014	0.23209581606673182
shellac	0.22458384533227926	0.2260721997184558	0.06466823515804924	0.22235024107336607	0.14724895468689606
pitchman	0.1925337869819599	0.20471462738381196	0.25644268015184	0.19172036060456357	0.16898774543478656
radioman	0.21171487225729774	0.14877483126566374	0.2004245877561107	0.2153622353268938	0.21958688868778292
candi	0.1760968337355942	0.17335894540511074	0.17678492034960447	0.15214464651446277	0.1637414621757895
yorkville	0.24976068006176172	0.17616165693433075	0.2418103442248256	0.2423892340154424	0.1815150975759038
004	0.2400114632106022	0.24705073178188103	0.1908515963994405	0.28457894276895956	0.22083972499886634
averted	0.21216530532112213	0.21677640478134963	0.20866004721621817	0.24638469953560446	0.21303834152174142
pullet	0.2914395637310361	0.24228985293561087	0.252750400355246	0.18741433739706376	0.10503626584415753
nipper	0.19931953541238298	0.20093169208244013	0.2811524922017385	0.2924066514771055	0.30235642672134244
foreshorten	0.23135971290651128	0.2489180496501776	0.272031975442845	0.2267658664263439	0.270904198730886
dejected	0.22197721245848534	0.20213168589247033	0.20788348618813765	0.21202031115819528	0.209058657131735
clothespin	0.20889700891775162	0.17789452990712887	0.19143349653153088	0.19532565782103814	0.10429205711931244
jackhammer	0.22793896337653408	0.2215832217841358	0.27082785100155765	0.23727683210245065	0.2625800063865615
quivering	0.19868171097949275	0.1978414568392153	0.11873099485307641	0.21900177454727837	0.17185304379734265
ammon	0.21903944717815546	0.20158653019952838	0.1646513154379289	0.14760970850996463	0.17885618241030152
dishevell	0.18648803664234304	0.1520611661168731	0.1651163753264346	0.17647337431888596	0.11506062937523683
godiva	0.16793404653172633	0.0999193852050323	0.13860085687718066	0.20316378219238787	0.1286588837326234
repudiat	0.22115095647898994	0.2112046383080008	0.15917876207818898	0.19683869883080365	0.15575118788723222
nashua	0.21994186002023342	0.1876510541315864	0.23398788306148896	0.19469297399017693	0.21138072186663495
gratuitously	0.2999053598646105	0.2748664963897686	0.2776623520216658	0.1817945722449632	0.21494249130922383
modesto	0.20521015800907838	0.15946494032686773	0.21966603638120974	0.28680617721224383	0.24238931890565743
disconnection	0.10786280639302587	0.191158085477335	0.16121266506357235	0.18561164975257496	0.20138022517545162
glens	0.14753080268814964	0.1522408075590592	0.1978274173936999	0.13358630088815968	0.18124223044594143
beatifically	0.13120330955238432	0.1687283083182972	0.13224109449164234	0.16521513546849384	0.13595478743886258
sharpening	0.15693949942326493	0.2207459209911269	0.14887744836807773	0.20436979586809773	0.15866348920474926
handwoven	0.10350162147361613	0.10991772421732873	0.17267510873397213	0.15682348708606253	0.1504253912339319
mistah	0.11562753981251887	0.09749050123643754	0.09092219272404857	0.029571052266818998	0.11690588906613977
compan	0.29412024867524245	0.2966046445706794	0.2906867052574683	0.16412142030941784	0.18858217572841968
johan	0.14654647462364628	0.13351631273740938	0.19253673080068426	0.2039313950318175	0.20476167575832893
montpelier	0.17136037876500784	0.12112914161912058	0.2941006550909317	0.15610874732883825	0.18257475405701512
earthwork	0.21632889233971153	0.1636803943553107	0.17458944174217791	0.20931368471449222	0.17360028158301666
strove	0.17724563691879672	0.19096334272662294	0.1797493937739552	0.16808020140038854	0.16837813079322236
lewisburg	0.14125996062693594	0.16569108065711696	0.18706086807745165	0.16442485878228263	0.16177674102657194
astral	0.19879357933006042	0.19353593211764122	0.20121877478756586	0.2153891375937547	0.20516326329383922
weis	0.18747196912454317	0.1301122034015656	0.20836800596312638	0.13786377809753336	0.19780640854896137
ganglium	0.12257664450170379	0.12014470471647185	0.10186975747805424	0.09619433202505544	0.09818239440565552
vellum	0.18042445420378445	0.20646004173065782	0.15916488144042426	0.14987885425587277	0.20800603500963816
inaccurately	0.22590647870206398	0.26144320584916814	0.25086100960902874	0.1439886059983676	0.267698084950288
genuineness	0.18105251895455757	0.1713185089742706	0.1356835737746481	0.17138325944611474	0.1244397091406569
millennia	0.1628010545493779	0.14556288140068233	0.18680032870425212	0.28951028571963994	0.24516666425714928
mfg	0.11507617508597484	0.11481968211670036	0.2584297077046684	0.09627479036324334	0.15890522487666087
waycross	0.09035905215611212	0.07015004102489403	0.07803381841200002	0.08304545806551705	0.19768373008922088
billowy	0.07881773916471918	0.2674932014882149	0.20734460804845717	0.2638052775573831	0.2588790503413564
wheels	0.13720383478922768	0.1532755383548655	0.12793961363429537	0.15405919984211172	0.17926597511519912
querulously	0.19607330118170938	0.20224089649336485	0.1934894723355687	0.10704808779525754	0.17923961612279585
tf	0.20155241324352063	0.2527832288354257	0.23720475416007597	0.192617907003368	0.23763803829859764
lagos	0.135268146827425	0.2015178454583319	0.14412022535062052	0.15407814931378014	0.1634796153245946
cesium	0.10289191982114926	0.18952825001771512	0.20288540774277797	0.13646465408392403	0.19124055742863844
hotelier	0.17869889125390007	0.0876574547484888	0.19819873605371097	0.20268191654690348	0.10428824076709614
battering	0.17320836830966083	0.20926018197430288	0.17331822805024574	0.16297595694882358	0.22180181947641453
metalworker	0.1955238410959639	0.1589330391089524	0.2054682986059714	0.1595804476803918	0.15877499813999243
harmonics	0.1292401114418831	0.20727179707966015	0.16285071351196218	0.210827198903426	0.16130459642392928
anheuser	0.10938395314428877	0.09164700781749524	0.12361514429752862	0.13133848655824337	0.09948636592418744
constants	0.14206521856915993	0.09541262810503282	0.12940998774817158	0.12156187275749605	0.14113418340608402
858	0.28696852792473093	0.27269383591218926	0.2478208560894539	0.2867390311089492	0.2575982740748693
abou	0.16119909101923147	0.18528583353920267	0.19070713554405924	0.16130870241601725	0.140531231040692
embezzle	0.152598854856485	0.16936029704222158	0.11970378829399068	0.14328846292285485	0.1506182800783855
joviality	0.16472266932161939	0.16266395782770293	0.1562827500868886	0.17252327024838918	0.1553229797348685
galahad	0.1570317550512819	0.15734821237002067	0.16773276893105415	0.10361796712418542	0.11669826214059462
fallback	0.22875035758566345	0.21482247115625971	0.26330379638380785	0.2700875844300343	0.26172318047472765
patrimony	0.2340247690371287	0.20137453515112744	0.20140156235478957	0.21593250077544104	0.23541361516074794
buoyantly	0.23546606920218932	0.13125870936186232	0.20062572296716122	0.11259799602899949	0.1806372867288174
mannheim	0.17008196122611782	0.2330579876434834	0.2631638329899258	0.19470492151308763	0.13692404595019314
voluptuary	0.21268445046363155	0.13883673494201093	0.18057032474222626	0.19527159132691888	0.2246839360123047
memphe	0.2037862998002369	0.14609643951497264	0.1975506025727941	0.141048305025838	0.1771451711349142
lipscomb	0.21967929407837855	0.19113555377906485	0.22113261034910883	0.2096024868127938	0.12417949191645732
hg	0.22732731724130234	0.18747058434423297	0.19428629292231084	0.23858295448086436	0.18966963324167885
ventriloquist	0.1770401726712001	0.19050926603004248	0.21427233009415048	0.2105936529686924	0.1878180314066337
maddening	0.15155506486546338	0.17690625631627524	0.21552489058697363	0.1154227190782755	0.11347396661100045
establishe	0.17011713299877118	0.2135950001275191	0.1982628003473872	0.2149186940510212	0.25354544679467256
paparazzi	0.17198361197921302	0.16039844312487322	0.21746124507291428	0.2097607504296276	0.2013898530702941
crumbling	0.15071147604813326	0.18512763496583798	0.1256003340374643	0.123469166411774	0.15533438058544613
chteau	0.15225942366017445	0.1615844979858279	0.1200176359947478	0.07324593047165978	0.21929575072742186
coitus	0.2141262169966941	0.1743769237020801	0.17890548860125094	0.15285120451369624	0.15683265725111745
chanting	0.11926251613197285	0.14627472195590419	0.159911886740808	0.1327954969683105	0.12897664972990097
grist	0.19325587717817916	0.2461278154060963	0.2450890101777586	0.21074272556547521	0.2269498751886752
borderland	0.21376838817162103	0.17508087400647623	0.20367827774385477	0.2054753705334168	0.2562560722814045
toed	0.23772001661245393	0.15470864114848487	0.15543534754785127	0.21433399157887387	0.17631866352798578
procrastinat	0.09930505917043553	0.2213457487133293	0.21196050819870585	0.19817776045859328	0.229878487110979
hellenism	0.1508530301295718	0.09868642199052105	0.0973011672812723	0.10789403280332022	0.14755918734200618
unerringly	0.27123194057727507	0.2760239993517123	0.2099593673900293	0.2841759102870583	0.23109377349692192
snazzy	0.2203993452383987	0.20966476427039815	0.2815505614233253	0.3058778489098138	0.293328530233911
playact	0.13021182658585206	0.18189711115854384	0.1546321328179631	0.07374792787242135	0.2012058503458357
compartmentalize	0.2565974609473988	0.2761394370055412	0.2888566668570105	0.2882865253825309	0.27478550542992614
hazily	0.2633684408792468	0.227781392095181	0.2263662348661295	0.15737030150891074	0.14157888091346787
rouged	0.14192034102715997	0.1853252267270237	0.13922911202562216	0.18788776061048587	0.16987837335032951
scuffl	0.15979753432819058	0.16036492356539314	0.18420518428678478	0.18338514065488035	0.17632564466498638
sparkly	0.1131555763118341	0.17431742576193887	0.20995478052072825	0.25582291873800017	0.2598035874404894
flotation	0.221157298692431	0.08943504263766061	0.20361003171661282	0.2492234699012062	0.26033518807683986
breadline	0.23962859182642865	0.22974644827380475	0.17330356689247117	0.11406265868453197	0.24177126576239574
cert	0.28831863753731996	0.287233015078121	0.20862619148773792	0.10151448676239155	0.32139051514860817
mump	0.20964153935262866	0.17195145059658598	0.17829017577413542	0.20245471577137553	0.18553066807200552
848	0.28831953542328165	0.2990482782770727	0.3392447421136221	0.325380385264657	0.23409064980787167
avocation	0.1695234277385797	0.219459440414743	0.20281513456158237	0.1943822948576086	0.19013561233375822
grudgingly	0.12512057596719248	0.14662703170660302	0.1364970329169194	0.05247039681425025	0.16427229879735294
adoringly	0.12911408546368236	0.16422184304534224	0.1305592308825881	0.13872128054402239	0.17380675589797764
knell	0.14538245929906018	0.11840993353241215	0.12382518595068008	0.1111878046999838	0.10993122781107044
cartload	0.1669068836139907	0.16678395724745915	0.1465938872877643	0.13655262451737887	0.1664749254918519
angelenos	0.18927847891773705	0.21146979764653207	0.18692131240756646	0.19466632102289244	0.19793771998729406
pomme	0.12669027102850106	0.165919412954782	0.16506845754790891	0.1949008609836884	0.11341402658416781
unmoved	0.2381678871356347	0.24800286625040757	0.16750933498498785	0.12871538219749568	0.17544399471092648
hardle	0.20473658442296827	0.24276351401628501	0.25375312784785287	0.24105609449656987	0.22801555106197158
schaumburg	0.0676764983844555	0.27500128926040923	0.21224928577948693	0.2242112522295169	0.2563626196310706
sauterne	0.18508624073995458	0.1063474684599286	0.1701321738959403	0.10942864874496	0.11402952973249397
waiting	0.18152157230781749	0.12790518022153463	0.18794872827562425	0.14325243020958126	0.19457487082960334
montparnasse	0.12830696118370313	0.1258208973824225	0.10816748261356444	0.10889168651856422	0.06701206499263357
attentions	0.10882431670967296	0.1310468672848291	0.12470392980009395	0.14074007736779143	0.13427951455811457
dabbl	0.20488623529060163	0.21543344488522795	0.23432237525506083	0.1710829584735755	0.1941726239996349
erodes	0.1164467187369368	0.1785607843986212	0.1459362950853058	0.17307225331175205	0.1408276873756051
015	0.3054859494314314	0.26527133814370757	0.19810967290537151	0.1938526215518718	0.30400476659612896
universally	0.2074910034655848	0.1843498463942572	0.18063407432535572	0.16922942568087915	0.19295503382675228
romulus	0.18691680173244354	0.13545163167871457	0.19133122205752595	0.2610985313731748	0.2273082026725667
confi	0.23931486810548191	0.2173983961108233	0.22368566227716186	0.1638498986750924	0.21683434763391393
premix	0.11207610043296473	0.18236163520482873	0.16787194987061227	0.2566930635487134	0.23204309189849096
rouen	0.21043419896961293	0.21911876817345177	0.20720790028343866	0.193009796171351	0.16464681749983018
paraphernalia	0.25609120473219893	0.2636774458184217	0.27024568076502575	0.27624453795607373	0.15347529248453107
antediluvian	0.2678026499385429	0.26785881238331294	0.22043976410915705	0.19835611207747464	0.26800554452297476
supercharged	0.19303175132428746	0.166265373852407	0.21048383082206046	0.10881443422432979	0.20936227597347318
imposter	0.16702087065923701	0.14479483222295003	0.16484619655153487	0.16064871310592788	0.20054069012210085
reportedly	0.32342730182554724	0.31976472645579984	0.2047126895085033	0.2807901694190439	0.3383530534747923
malinger	0.25128015171562407	0.20753085392357332	0.08573632116313107	0.09413652132262329	0.23611806801448387
merrier	0.006996667540546786	0.11521407427445848	0.06304120249178236	0.08364091061494895	0.07250461380393582
slumped	0.17527183061116158	0.22960740609939143	0.17004852822148706	0.21858258400194328	0.20693240912793548
discreditable	0.24422278498433844	0.16847958533018792	0.16564682312910978	0.12402786080046824	0.18947475203159495
eckhardt	0.18349261429543073	0.27806519342743746	0.27710318990026117	0.10695208377840482	0.2654837478531384
exhumation	0.17370924070364294	0.1537026073649626	0.13340987003864402	0.09870834926983776	0.14290647398912154
pollinate	0.16819751970941688	0.13909017054408335	0.16828988995220673	0.1329109872911646	0.17900687826040737
ahhhh	0.1776811648658088	0.14778733713762993	0.15783245466632437	0.16375375964546404	0.20627516591589842
prentiss	0.23305914079637946	0.09453644657160513	0.2582042933599912	0.21008819116435262	0.26376770685559897
jehoshaphat	0.14236468133463165	0.14015924103566835	0.10611050827184829	0.16582692150956466	0.08355337436364052
tallie	0.10912987953012915	0.23660486121231036	0.22547947003321755	0.25327627217299353	0.2612801477519154
youthfulness	0.16756470406362733	0.1270844034154703	0.1774359866466398	0.08687234097171923	0.1816790388053199
porky	0.13950571025624137	0.12381449025871819	0.1349186180574468	0.06471450656018485	0.14835856223067123
comme	0.10819040365967039	0.10413335571926394	0.12944949480631787	0.12985062423625077	0.16492022284133945
flourished	0.13785858035965493	0.17118611857605512	0.1213517874602944	0.24206465672669744	0.13649124363232223
hollowness	0.1775262298274224	0.17086191199418052	0.15933951561201273	0.15015684309144717	0.16391893914318517
45.5	0.21407980898104306	0.15931876780750787	0.11495428559817139	0.21508459050391593	0.27624729288623534
hayfield	0.20304894697370143	0.21120722615880747	0.25564426838820303	0.2516843335518038	0.23911111182192377
rumi	0.12334188957522252	0.2227380492127551	0.138018349626281	0.17587596342213327	0.22570443153740055
punctuality	0.2186232949776737	0.2255882767090353	0.19548611362491086	0.18649656006256993	0.2026736730487246
2.65	0.17838920411970804	0.20231527612641312	0.08865563329331749	0.20266740983542272	0.25101046035448843
multiplie	0.263513517179201	0.17610272775986738	0.24975275397679617	0.1994493801133507	0.22316661337624763
gorgon	0.19372070912105868	0.1927409419138063	0.237483459056461	0.21115239657387955	0.19270460596817496
dooryard	0.21421788451361237	0.2206262927496816	0.20642148499443438	0.1644388760340739	0.15407735342311776
sone	0.32753656630723016	0.20399577438786057	0.24366980255147594	0.08843544213996885	0.28562585208399865
cemeteries	0.1806857353320642	0.15957557516456816	0.16721520187757902	0.16007715817812623	0.16176926451510765
jangling	0.1373318173378628	0.15785425593918284	0.07551034983816052	0.09952848594809699	0.0879542472598221
deadhead	0.21994246380570762	0.2171769277495037	0.2141559440009066	0.2725493954425287	0.24758303813836552
inna	0.16997087243868436	0.1332272933032761	0.2394597722196565	0.1943098719422516	0.18449522737524646
reveals	0.13341536482085498	0.191369429779929	0.24378890622443275	0.2383405860043058	0.2715449813492825
cushiony	0.23173701076335615	0.21734794878000113	0.2636020409048446	0.21473326039917456	0.17069817271728635
tithes	0.21090178100845433	0.14903108666006995	0.17252006927339744	0.14030886527980777	0.1415084849348246
grossness	0.1800236958942451	0.20970235837342002	0.20671797933416203	0.15231034104003494	0.09067821113795171
dewar	0.28385346457336047	0.2839656508040728	0.2545984700841037	0.16472481366175148	0.21255094264840868
1689	0.1304233904826939	0.16907153839709457	0.13408046930347317	0.22477149364402502	0.2414372322684091
disgracefully	0.18612995984446484	0.25215958986969733	0.25082583122662555	0.16988985108463542	0.14806455943883953
thu	0.2196365545211999	0.19477308504138766	0.12307502588162078	0.12695301194222544	0.13678712330218934
objectively	0.27979909850957774	0.2143855611596897	0.21929061676190006	0.26058078195776035	0.26715688986922803
aflutter	0.23499329420464998	0.15803623089154384	0.2127738456025849	0.2579515679224626	0.20342841918360613
klieg	0.2126876070977585	0.2626906665905526	0.21982162421144685	0.24972373884862642	0.262865885205383
squalle	0.21572704900782608	0.18223845470441405	0.2724839097199969	0.10374292970384198	0.16626062901888494
pulling	0.23951773766850926	0.2784147357357103	0.23692540319487904	0.24609499033580315	0.2539776281221722
suburbia	0.19750794332955776	0.11886966552177475	0.1664887236960969	0.22896115247138246	0.19964051737812624
conor	0.1338071099549618	0.16400783468210567	0.15149398395329963	0.11876519965033511	0.20750103308968604
incompletely	0.26310790732563255	0.24607096109867257	0.27297990859854543	0.2255140924370882	0.28063680656944956
blasting	0.21944227373679603	0.18648563859752604	0.20753869893669372	0.19150167414874028	0.19473417605694152
bole	0.35914411511924754	0.2763063744405658	0.26226060238991933	0.22584648036180316	0.2629774001215652
aways	0.11466833904742779	0.16899694775417268	0.13537045299650374	0.20442700185934584	0.09920507670240264
stereotyp	0.1294169334065998	0.17035488493341644	0.16146317440735122	0.1645146517877184	0.13591378924723196
coaxing	0.15609128336084893	0.18682201751115537	0.19307199808625014	0.12013412020422429	0.17285578989480757
owlish	0.27464836472619536	0.26494764718140423	0.28799906811838905	0.19679747149801408	0.25536050268240346
ducat	0.1613585488047465	0.11937208034408897	0.15047882914426028	0.15715592944829043	0.14107023311173494
1564	0.22769335264394291	0.232641936989551	0.15702470912464983	0.2090379958137743	0.23907387781105313
shen	0.20024055543742736	0.20711327948770689	0.17082157033368905	0.19359455734232198	0.1878497145149929
husbands	0.14417132960248658	0.13375918077214466	0.17292967420153035	0.1491641267741843	0.1287262016494952
misdirection	0.1425063923781208	0.18295812875615314	0.21180354369025517	0.18538558144275405	0.18342480749608805
ohm	0.12898383591151769	0.23933040657450722	0.22720738698727933	0.227641325113786	0.18069440206391288
viaduct	0.15096239654174268	0.16764835386210844	0.13670518084470704	0.143248860128241	0.14466363309984254
whiny	0.19300784092884435	0.21165963664221243	0.2376474430933539	0.23293161881118524	0.23432866081450507
rosebush	0.20652953363013016	0.24174773803881855	0.2520942412676391	0.23214010344288571	0.24760571413600552
marciano	0.09058485938516761	0.12410283788317442	0.13860729367722674	0.1446805299950435	0.17402237640108667
reinvigorate	0.25404918512210556	0.21613644205201535	0.2151877533568319	0.2818234768903756	0.26080801125752767
1529	0.20972099162956148	0.19338053601609342	0.1418609341192235	0.14644906837063082	0.2600404651736995
agglomeration	0.13087419179324516	0.17377975728811304	0.2057742370943296	0.12771330360324376	0.09667922612673496
demarcate	0.23259905209024856	0.24492982503197896	0.24888671153408418	0.260595643064091	0.26397037244119176
belleville	0.22957781377744269	0.19787869769762126	0.20395884680421783	0.1337549756757375	0.2129901780400075
xylophone	0.15274730392239397	0.11635477849849862	0.14449835242750736	0.13930928748090135	0.11521823116226804
reformatory	0.18776986530965545	0.20758567002877043	0.1914380255561124	0.12398873211316827	0.1413276428479984
sublet	0.30105850133878936	0.25550093940308044	0.31653753946486823	0.2975201987831752	0.3049232703720641
culligan	0.2005283354719497	0.23464100058323822	0.20200352585655598	0.2169435990593006	0.11154919703341531
revo	0.20542618270605653	0.15000548355318116	0.2169802816715042	0.2622375241595993	0.21155424250716448
uhm	0.14020915818813798	0.16086092248494047	0.11462165017561457	0.19201175167228848	0.15768053368442903
emu	0.16043590697312027	0.30242331738113165	0.22122087286918063	0.29396341024302547	0.2657585815877865
behaviorist	0.08009604534616782	0.19033709178081995	0.18128918917541073	0.15936330436461327	0.17763844043571228
mafiosi	0.15568616074725436	0.16538552899609416	0.1602781809883935	0.17999856914325968	0.1313871276680708
cw	0.10147215149177452	0.2299998323209172	0.23020548683407807	0.2436276634187812	0.24303187935404547
cide	0.20421032569314104	0.24883067617226112	0.18009806273714932	0.18682642176998301	0.22170948829493559
thoroughgo	0.3170199969933185	0.31797963699759657	0.27890214918542555	0.2494866933171419	0.17505968148068005
ballistics	0.23332618399175398	0.19405476595647778	0.1919387261552311	0.14477960284123592	0.20285205511045232
853	0.3099337291165803	0.19684287969691464	0.2911096144858944	0.25039879902255024	0.3015111669582773
stillborn	0.24039400526179353	0.21500315599883843	0.22384085768429623	0.20706803014091288	0.1973162181877799
fictive	0.0772788066788907	0.2237457025784748	0.27795273526775216	0.3132643483692885	0.25300535724058515
survivors	0.12245562901585763	0.1557795417468087	0.046533725389974634	0.04772362180383689	0.05798887176535635
distinctiveness	0.11706784586610017	0.17829526275230037	0.17667481518130573	0.18450659851645593	0.19803733743458582
verbena	0.16911996429820642	0.20316086548327408	0.10831337700181043	0.22525704042012268	0.23904891240522202
concertgoer	0.2021029555435357	0.12203364492585082	0.19630483275826474	0.2388431051171708	0.21897431893122601
flashing	0.1702436642114964	0.18178720281537106	0.09717676632143873	0.20545659906375255	0.18446269822149183
quantifiable	0.1876495952031084	0.22577594839531992	0.23479624347202616	0.22892337391114437	0.2491719698726852
constrictor	0.07482037310112337	0.13716846348569817	0.12290383864960171	0.12075053035045875	0.09664531948634762
soape	0.10506207064392764	0.15146655893263927	0.1873603414240371	0.18155292895452152	0.13786690832426385
virtuously	0.1958223717170855	0.20627798976952622	0.2130490976842702	0.19750591977950627	0.25434221185722544
befoule	0.22601519799517308	0.26907365748073275	0.18673624435508587	0.23681843922155213	0.2416547331101195
disbelievingly	0.1235707339944599	0.12435200770618338	0.07272413773170738	0.12505937239805026	0.10896137303864636
irreverence	0.1297431438412602	0.12442311982679753	0.16878466438164463	0.17655193654930962	0.14676964766831183
springe	0.30720091815882855	0.2537102520242313	0.2955491195597638	0.26408844711986273	0.19946857200251067
lilian	0.18794668101376671	0.23828618222742765	0.2028233266486876	0.21462699472791089	0.23726609552246702
fuch	0.15362249782473608	0.22519121040895884	0.26601310008216267	0.2617942742057278	0.27218738971960227
shovele	0.18676782317656357	0.13925834899606282	0.24422104085988386	0.17975369493310278	0.22168242666825697
manichean	0.18056400283352178	0.1597357361234659	0.11266730701063249	0.143388666629214	0.1973263133469136
exhibitionism	0.20948711477468562	0.16418531844728046	0.16959709087613195	0.1903801600690982	0.1308415964898353
intermingling	0.11489386206157104	0.1731797983456796	0.10984712086393748	0.11732018609350775	0.12447042231606073
913	0.297180895797391	0.30399991015708566	0.2630951814319459	0.3136561361617816	0.2554593386440019
