extricat	0.15968296619683728	0.17717046507849554	0.15760776133285814	0.14743791741292225	0.16393972127174045
branford	0.1042913432570759	0.17974237716602395	0.1279347142110644	0.24616845363373202	0.23916583515116552
grosvenor	0.23611524017221278	0.2159627682172272	0.2605844464656465	0.18906548151950409	0.20324810267522048
mathematic	0.16328620654531362	0.17258812530583756	0.20982467455264633	0.18490421899585274	0.19484958394864732
limpet	0.24641109589642438	0.1231397774888503	0.24209948297155537	0.2101082011770863	0.16842436867976474
shtick	0.12596863173313616	0.07708143914894966	0.17115116966690397	0.19959091792794714	0.19410167878206833
vandyke	0.17877956045236595	0.17126746332790307	0.15841682670896168	0.1385500380804728	0.2079147193746595
unfilter	0.21900945347447096	0.21872135256192776	0.1540680088162511	0.25474669228809577	0.25270401807052234
nymphet	0.18792936571176722	0.16075491521790833	0.14746305604113788	0.08253106602111593	0.1520341603984338
procreative	0.19784200163254628	0.15669245198714554	0.24584900181122082	0.2333569873584996	0.2050619112530793
barbera	0.08397664504209634	0.2110058616918975	0.25939493681607917	0.23388490885149243	0.2279778880087113
sunbather	0.11713255058957808	0.13910181312150782	0.21239364596771165	0.16204366203360454	0.1680377023978
educators	0.05938600703180996	0.06970840132970385	0.13230185950103746	0.1512850515816395	0.1968938278035618
hyphen	0.14633668435623878	0.22573141612039332	0.13476420353271934	0.16864573950275316	0.21987739510954013
friendliest	0.23853454224531326	0.17629850228451882	0.06814328153040732	0.18499855869105364	0.21794601923037177
appurtenance	0.18291862254010108	0.17667346424827898	0.17465547442195234	0.16669508407820638	0.13373577204819173
turboprop	0.14494402349515373	0.1508144368811359	0.13715216973565278	0.13625017676216591	0.1362974003624456
detou	0.1567519890840881	0.11877138244483151	0.16115660397921014	0.1596675642941519	0.1874310113584999
graciousness	0.1619455552375872	0.16920134565454922	0.16885554311825943	0.16851639983297595	0.16028714835362096
kith	0.29282638726350113	0.2316005509920493	0.3147434096330942	0.218270096049193	0.17809483327363201
edmonds	0.20978593109223548	0.2272962468104475	0.2133256464779295	0.21234084643298687	0.26758609045053316
allus	0.15239867047599734	0.21082968094122076	0.21616819424672853	0.2040207156312405	0.1648997716314221
frankfort	0.21578936782745725	0.23634916572836584	0.19939268426812684	0.2426171992199163	0.1979685551770556
hialeah	0.19016241961940172	0.15577201507100155	0.13022854446356402	0.19837609933325287	0.12139431684326635
backwash	0.2094283392670354	0.20339184838447902	0.165901592043271	0.18559468420365752	0.191991352603774
spartanburg	0.16006077188740778	0.18644457788248353	0.15236602976360095	0.1978832968541553	0.19999044474131938
moneyman	0.14441118442793868	0.25059934993743377	0.22585391589917744	0.2365087536280528	0.20626323644929484
mange	0.20599776492052527	0.22273958219669265	0.20159075286449096	0.30380851390869484	0.17087298669160497
heisenberg	0.19289735395331933	0.18386036804219835	0.17368654285859966	0.19111660598766395	0.1892653392088499
symmetrically	0.25596394206674816	0.20857614639841923	0.2326781186658031	0.19947523804858885	0.1978953782022505
grunts	0.15922813860217105	0.13490782746457586	0.046596950636412816	0.14948688443688102	0.14098468600471648
smorgasbord	0.21068765367775308	0.16937007677259042	0.21348542156120479	0.21585691513979174	0.20079260357607753
industrywide	0.12227375036929183	0.25541323317389963	0.23740403658024883	0.2848847547577553	0.23607513498037827
selflessness	0.15717977459285704	0.13409664417502537	0.13582424666945628	0.11476402025505761	0.16571579114458693
participle	0.14844371512242127	0.18055229541143086	0.19643872896661646	0.21499068930204596	0.10270511077480626
sullenness	0.15995123649453138	0.145499218661555	0.17570599417726424	0.17949833108627436	0.1532351074272996
sluggishness	0.19009053180248228	0.16289420637354102	0.18172392023276807	0.10039049727056559	0.15733082346352695
dwindling	0.10244042386716216	0.20960920633834398	0.18233134556279962	0.17516131828844395	0.10009012942113898
spellman	0.14572695325103002	0.16315224122885713	0.1321145821000513	0.2074331843099586	0.22092424529564858
revelatory	0.09618450958678804	0.2282322863191503	0.264253568516723	0.26314400271688954	0.24083698411779933
austral	0.11163956216712728	0.15906619765985403	0.23338515425803363	0.10763290974735777	0.19960244541884342
handgrip	0.21810469965910975	0.204246596193407	0.08867856103062588	0.162558191909548	0.18498428576019318
hatless	0.20683305977241567	0.23290894858804387	0.21092399458840766	0.1284368099285637	0.1936006153495642
meto	0.17702572496559835	0.1493734912215595	0.15748557821003947	0.08140895461494851	0.11461209769871812
tamarisk	0.16251656432164857	0.21168880832797496	0.07654739046528286	0.1670919720155445	0.22792475534175763
stabilizing	0.22369998764981555	0.20016665052146765	0.2539879142611972	0.1840219969606394	0.20280545733848815
piccolo	0.19304954926159143	0.2548413849535041	0.19737485852449263	0.20077186339823014	0.1597264008365622
pd	0.17072571465656128	0.20462675886510948	0.2243042211645084	0.2760195213731483	0.2790475194999169
bondholder	0.17192797081951736	0.19567345456825827	0.20522834743918475	0.20817379293212268	0.19923865222010784
phenomenology	0.14157352227378453	0.15073737719788063	0.14328475016560724	0.11893740847241051	0.1566098029201084
bap	0.16326365728458087	0.1274479440132582	0.1804430592182789	0.16995245235163453	0.13702082568903556
vaudevillian	0.23230689256142584	0.22307602181607075	0.23030708057505234	0.15140526562871223	0.1771490109349212
marla	0.193646725454469	0.16490554783451986	0.20364040758181642	0.24805459622697176	0.26367871713223456
waterside	0.20959797553456308	0.20304405905651424	0.18560387698958583	0.22314145271722005	0.17158934474118248
reo	0.1559939523198137	0.11145721603704532	0.09105081331083786	0.23561918137383495	0.14354919338441666
formalism	0.16536336398112697	0.18327338935270662	0.1910763706046529	0.17518223593152424	0.16874778530203194
norwalk	0.19144447359741834	0.2152021214565702	0.14877955658055947	0.23709851504048896	0.23405568189726222
bouillabaisse	0.17778253068345273	0.14747066325686436	0.10623774602132419	0.1779375173092461	0.16518071186711242
25.5	0.23224356258325818	0.13199243098357372	0.13017434732276212	0.2610086569085469	0.24877433199655852
coptic	0.15838836738787154	0.17521363780903823	0.17266978754653162	0.1675575448790521	0.17966568578946607
boreali	0.19250532957161517	0.15800978527700882	0.1487208306981427	0.17319067483072528	0.20783045158131605
outre	0.2928096842664375	0.26823478443879833	0.22665326405746067	0.22611069039758824	0.1614120564548862
6600	0.1086417544287625	0.134240702968949	0.11936179021552246	0.08884596605597447	0.07562340273327756
injunctive	0.16074609350089797	0.13694810883296948	0.1615348265509618	0.11194633999023812	0.06366395881917813
inmates	0.1571152979628912	0.13515985004025458	0.12587383224750417	0.11080806475479182	0.15448472597484603
draped	0.1473058156375677	0.1764163751452367	0.208970565160776	0.2213892421569745	0.18127047663291287
queasiness	0.1341914551946952	0.15228881491577625	0.12279674054872124	0.1734244492044993	0.1798761880235864
inclu	0.18049008441754036	0.13555965565832295	0.1719626477134031	0.07596474118723232	0.1479993463236429
disappointed	0.15909026702112808	0.17827320433170785	0.1823816221308012	0.1481532398570464	0.1576473923587184
purdy	0.19049386184398623	0.21605923742464217	0.2717313142727219	0.28285219060713135	0.18095583453088307
halyard	0.21442113083066422	0.16213543220689447	0.18369227799225715	0.1421177108689725	0.17212646622960906
sloven	0.23108661931460547	0.2644376436944697	0.2353634010072472	0.25583369501868314	0.24363420460377566
guano	0.22258609352111097	0.17899193519806578	0.2111186848762485	0.21153332599950986	0.16405061705365329
kean	0.20403573502237984	0.1567011311455496	0.19576043627647563	0.19755021179568183	0.16155522160911354
catharine	0.20283913288464195	0.1872133883799225	0.06349449897144943	0.21661475101407018	0.1839901018378337
633	0.2552024809475148	0.23028146841883332	0.24504024502502583	0.2844133029777836	0.1901580355005517
humanely	0.2557528052937989	0.2625827465626381	0.2355408270852831	0.2428074292925768	0.22462506153020836
inv	0.21501007541286274	0.2648819225080058	0.21038949130290938	0.15631658194013187	0.08893988070996035
utopias	0.1616471943949703	0.17304532678083015	0.1592697447989646	0.07363404939608853	0.17765833325758373
teleological	0.17700737979886483	0.15462152057317202	0.1438441517441798	0.1645216341841861	0.21563318977937604
closes	0.16232417197496832	0.1934411567458268	0.1964862546231332	0.1747271351811215	0.1529390090676547
recuperative	0.2622749751124423	0.1878794976991391	0.22409920913773496	0.218143552537732	0.26301596605668276
idler	0.19786804504267425	0.21646334610300666	0.23097816011625674	0.2391423751890224	0.16660650615266942
glimmering	0.1703730298783021	0.09426595810374003	0.1703627237545827	0.16885338935468672	0.0924634508345038
rosetta	0.29751311487202664	0.22682345928466416	0.1644880982676347	0.2550870789168133	0.28608119079580174
hardtack	0.23531063706758942	0.10919626474241123	0.13032088020631893	0.140467716138126	0.15258403557790068
hoi	0.18782509977061146	0.13931588478320905	0.11042123811813238	0.12754306300694174	0.13567052656769818
sandpiper	0.20804035028537834	0.12844324078660133	0.15007729691418384	0.1287409299500088	0.2120029541263673
queensboro	0.13378494504556362	0.10875426522630666	0.1025844057329168	0.14706331979036213	0.08033215126565763
tauntingly	0.16500145075187464	0.18033467155354907	0.03974398696419351	0.10080348347191637	0.06399046403690056
hadda	0.13184410576868053	0.13801216258449392	0.12367055742099468	0.12585605918079154	0.20733911438632088
raave	0.2226583511183636	0.251444607510992	0.24746662780770437	0.22630877144605777	0.19342859137745128
parolee	0.1268090314266779	0.1484723485622451	0.13632432246526197	0.1461683305434805	0.12605975538785635
peekaboo	0.23073598391613764	0.19240924486065086	0.13362688529692615	0.2295209256872388	0.24409201033539327
handsom	0.24223621628001493	0.20232694193642203	0.16708883051744033	0.1006010274446744	0.1702382280853757
torte	0.15365680461685285	0.17101455911623262	0.13573671384635164	0.17262612490080412	0.17358926031951633
handwork	0.10695141958397891	0.14568179543073262	0.1870899272586703	0.17830273886767228	0.2049426160009144
nouvelle	0.1505672571586578	0.13356018314016282	0.17055910766795607	0.14759513847679695	0.15037016565388456
10.00	0.15811843496124853	0.15903192758402487	0.04614797633617296	0.07828691437174258	0.18555012466462423
kia	0.19287910978660205	0.14757814895170834	0.20593150526567136	0.21286415218508653	0.25267894818553766
thew	0.2576209953930989	0.3042028425101337	0.29557894231025533	0.16000032297705236	0.32004277684504256
riverway	0.0949298755934858	0.10635056876248734	0.15274483184036977	0.14360378112990282	0.15270741004635946
cowbell	0.15673067287831688	0.15206146176862917	0.14781865706730152	0.1802368145843829	0.15844791356165183
imbibe	0.19768112989592088	0.17193753858151986	0.20021062480871354	0.22531718960589853	0.1620016344031323
libretto	0.14585257940416757	0.1110504462082699	0.1440349913193789	0.07316266546674932	0.12936593497074803
849	0.1589967596374617	0.29909463971805444	0.20578204352054633	0.22523335766868907	0.2501413759442893
glenview	0.19809387160557726	0.24801014883660003	0.16916751688417286	0.19361872366414146	0.1958259523495799
stanislaus	0.08800970193592728	0.19508622597238368	0.10217169742182902	0.17099517232708564	0.15868133050390915
hurdler	0.1339775205316012	0.1357039018424676	0.1596713103470702	0.1709735728548603	0.18443491040440604
sssh	0.18559323001950112	0.10405616424544052	0.10329268572384578	0.0607522849633676	0.1000896009443566
whosoever	0.13679906753620602	0.1521809293709572	0.18124424457770688	0.10026307999803141	0.12526780087222383
blotto	0.20154643483659004	0.15336589402209955	0.12013340669811642	0.13447894268497126	0.06739913435729211
hieroglyphic	0.131917229142701	0.15250249762935958	0.1683600328257966	0.17559843379029025	0.10203776723690013
1746	0.1260678329906762	0.08369976368638414	0.1588363558997229	0.14470486100119684	0.18659004412101188
mingus	0.18154445269403963	0.10062036287685178	0.2043395823293905	0.20252400127167722	0.22610194822004687
dexterously	0.25168251974586264	0.13460642078585622	0.22821279764121402	0.22916906516942112	0.2586689909555403
chewed	0.18730444627851958	0.2147662059349385	0.19451220931743005	0.15802464915415187	0.18480005456539297
crevass	0.16785586884617348	0.13313698101955784	0.13952115549563485	0.17888409255416546	0.17108403347663265
kingdoms	0.12784175318177382	0.05228228444652683	0.19062903558731703	0.1155320137513746	0.14114466463987047
staunchest	0.12193882274423389	0.1544900629242593	0.17444909690381336	0.1603134685613707	0.16828013465526734
conyer	0.14656825020897873	0.191794866449674	0.18441451761118044	0.2778176713890601	0.2307945364243634
despay	0.13340875918839912	0.15382127235216236	0.18319594228892577	0.14266957692035084	0.14704410059921943
garrote	0.17961927117008258	0.20392238860859993	0.19856004717906614	0.15869700799350384	0.17742038141966668
snafu	0.1903435456684748	0.15635439179431226	0.17186992515861022	0.21549008643431908	0.23467218943073287
archetypical	0.20584529604939916	0.21626732563639636	0.13796962535436916	0.17732797672245415	0.19490044112051652
vibrato	0.16520764226373424	0.1674657735169134	0.17924255307014483	0.169327217919325	0.1330209508054167
piecrust	0.1455819431374374	0.1940083441313195	0.18846706460670073	0.202349551099005	0.147655837058424
postcards	0.16196700175746206	0.13852244035898645	0.17293494723511132	0.1537435705608333	0.17493848902830927
grumpily	0.14136799423021715	0.20153691204780838	0.25057829008452237	0.23327036763546558	0.2501849442093563
mishandle	0.25887608353487973	0.2593046357760656	0.25377112666807566	0.2234199666397974	0.2366684407702681
22.8	0.12115418231610575	0.2115560839469379	0.21866506891787882	0.3003464165106054	0.2608707459730441
interwove	0.20865246490345177	0.17452771049499843	0.1281716066045041	0.22222106952016932	0.17459040694927452
chirico	0.13170572596942914	0.1145436213029803	0.09378973198497172	0.15457294908122232	0.15268737182898054
lave	0.3058319724028343	0.31543178492823665	0.2440913789653534	0.13765541043210422	0.2917120462080151
unusually	0.17459131971514222	0.1879564965846226	0.25578223418762547	0.2356886626668003	0.2590179376388671
ohh	0.10533451823245178	0.15352881623878417	0.12280019223128247	0.10433172937636577	0.12454242102328283
hangnail	0.16644643417635285	0.16808289471426852	0.2015655757457316	0.19228002942688555	0.2066856558227136
massa	0.22846394285956728	0.23542780568667035	0.23541389411781655	0.20117214567401762	0.2120933590882538
berra	0.12862634335988307	0.09798014248814269	0.1457573112283482	0.13976270292987153	0.12495380577784766
unobservable	0.1784078702300153	0.1828912711178494	0.19209061623379445	0.1048708519419211	0.12089136400893291
sponsors	0.145461759370203	0.04939158061756049	0.06907861799388397	0.1260724045588224	0.11285963609846035
reichstag	0.13188487350638875	0.12845129639708291	0.10005904995631891	0.12450470821310053	0.19030621259470407
evansville	0.16351195403684146	0.14386582864722078	0.15057565313759244	0.19846075608617028	0.13688215406767043
pilferage	0.19702031001955678	0.19794315648479693	0.17627550372555398	0.12188854748821748	0.13153586093490668
belvedere	0.20038525406750812	0.18972209513078078	0.22376645183163446	0.21314577801444776	0.20737336211970725
gittin	0.1403949266525683	0.12184484044723605	0.17250650080710916	0.10430236862408249	0.20611103929007019
nanking	0.09178300407825346	0.10675266919157397	0.08595490902555843	0.11557503477622337	0.10583003519268157
joyride	0.1087441670679612	0.17942278690317753	0.19906125467848165	0.12887518831958442	0.16625268113253136
gato	0.12176334613670264	0.11765799288455218	0.12898515057208196	0.1639725235972305	0.1409566674125756
incrimination	0.0648073481537752	0.07456149910856989	0.08191097784755298	0.06324065493708887	0.06855382977741158
macauley	0.17098116954450837	0.14826975425477504	0.11070279849794029	0.10945222111269563	0.208320545665536
drucker	0.210033054898173	0.17637445202989208	0.133809965249476	0.19987503348277397	0.20616886120921105
recaptur	0.19359971985705834	0.1800366942620913	0.22401930308081716	0.21406406178282142	0.16841112891618834
mell	0.21540423250944327	0.17863621498947707	0.23512178437518447	0.24560467931914343	0.21347917578265935
becomes	0.26477429135754194	0.24129108040299277	0.17716209471421332	0.2649422451181122	0.26013864779339396
assimilat	0.18489069699232813	0.17269837186902054	0.17918340684613782	0.16918509357395822	0.1688515727938633
givenchy	0.22718070301678836	0.22030402215999306	0.12963249033133437	0.2278411386515034	0.20708459930114503
corre	0.20153485756573933	0.19513635462923595	0.13561128454205731	0.09088867145302526	0.16965121530394034
kun	0.11902092745937332	0.1742442273778448	0.155368457074165	0.06627544941498742	0.1962166534977454
ribboned	0.17805872487734872	0.12442274759027777	0.11490418159320037	0.08263063166217599	0.09544916373404311
1707	0.15067293720635774	0.09274130993661128	0.12023829948560834	0.15935284127815302	0.16197471474169556
ministries	0.18276512821635799	0.20252123702119101	0.16553548014255687	0.1703214108293317	0.16941009900347276
begrim	0.17573746826127512	0.28306450823636536	0.1928695890881234	0.1815641448498413	0.18041325627598817
1733	0.2066103652148552	0.14429306061077385	0.0859823808681267	0.15886948432903966	0.19249067395273553
slotted	0.18436838467875258	0.16026438573887947	0.162118404417079	0.0906035644938776	0.11745250923682622
lifespan	0.24707077364496746	0.12403088146211855	0.2440741917279047	0.24109456211336766	0.2513092104944671
briefs	0.2539562277961123	0.23360833492929717	0.2717260641715977	0.2971014389206023	0.3115018320745721
overlarge	0.2237414752972593	0.2406535144860759	0.26430103877330785	0.25172251416085073	0.21725788027381582
infan	0.08378458895131252	0.2489287257350702	0.24683678737162712	0.22909016110321975	0.1469714509103584
londonderry	0.13849803705083552	0.2168704374113098	0.17501786942528172	0.16429539942050758	0.1461100199627311
lindstrom	0.11470817799989448	0.229675573733798	0.22848291697664724	0.23715651892497633	0.2540966939235359
maladjustment	0.1923095064371508	0.19960729462617224	0.10640322415267739	0.1400686847784774	0.07473550320210326
mariachi	0.09787930490225888	0.10232973953696416	0.14405358810326768	0.18123755854389717	0.19461174458725308
inoperative	0.24520058916375756	0.22037454171418014	0.24748353417255084	0.14514144930399767	0.17034897980204297
criminology	0.17679667421723727	0.15297680484725396	0.22551463828872892	0.25715582841256135	0.1817616007072948
numbed	0.3343725393405208	0.30153421752891413	0.30226306228901717	0.28009253478218443	0.23848272419312253
sheathed	0.2066034178553306	0.06198111267646628	0.14666031193721601	0.13922584322853437	0.09598547775292327
unask	0.17872380994392645	0.16814378208749456	0.17365681213393871	0.18945674118030165	0.21557788377773024
arra	0.192139713003708	0.2596940764461415	0.25545431813582314	0.16483207055233082	0.17004500037658252
accidently	0.12681166285992396	0.2598397126545318	0.2161239625872852	0.22683318697226135	0.15972670522493315
disputation	0.20079940726217138	0.19913030292109352	0.1837680070297498	0.1467118164018497	0.07546209298257073
pretentiousness	0.1719985042971552	0.0874984525580016	0.12227605298452575	0.08690492683149127	0.18166030825772167
undrinkable	0.04493070910913999	0.12438261438200499	0.12303148288560745	0.18247825829007663	0.1342413933684528
hotb	0.14472498513981943	0.15577176409822344	0.1355735522212929	0.15543917313902672	0.175970475438856
dietz	0.08488340111164577	0.1224982451923764	0.21261779616237808	0.20816527233549745	0.21456351174843125
subnormal	0.2797181599940276	0.2656644613402543	0.2217278188022851	0.19653859958061104	0.15713919230088624
plopp	0.18349921979453968	0.19700042384594654	0.1538784513792733	0.15697255006915628	0.18248023885619122
gnawing	0.1128756008969426	0.16786647862136506	0.1335721823619687	0.16719448805240816	0.10334266412676496
psychical	0.22302140256511344	0.23051141962365543	0.12008305666667668	0.17821213387001794	0.1521476225205453
malaya	0.17054902573194838	0.12079342772988784	0.13237902711333643	0.13765209075678078	0.1234581931374619
hydroxyl	0.09419726992651617	0.05728550173692296	0.08337888665002452	0.0966577878549559	0.0497852246776071
1.98	0.26067694582461726	0.15681080301878778	0.15458951527631168	0.15121614294044966	0.21329086461165514
pubescent	0.1852175825650193	0.17475837013834833	0.21074336520712217	0.25789440443053113	0.2416368586709869
sandstorm	0.1555796117483843	0.11119770115876892	0.14058469805501259	0.15177303934330177	0.15303753104638232
intellectualize	0.13719557593287554	0.2220382509450669	0.2171483340292497	0.1371432396202991	0.1420881427374414
poste	0.15744630671423787	0.19904956637941273	0.23561605551186574	0.1266616916822682	0.28302441138211387
fifi	0.21124934546229474	0.224625665288659	0.1062203695151776	0.2599225651180069	0.21445337958721827
congruent	0.11074945498977397	0.15185161280715498	0.16094421816907534	0.18108135868069763	0.1504171618887118
striptease	0.2022931386141272	0.1897039482685093	0.20428481585460434	0.20708657875908293	0.21073939536000516
expeditious	0.22629225088231883	0.18191328187948336	0.24093613149045337	0.17280192002968622	0.17285378256656836
1533	0.08437760299183461	0.2042973693608928	0.20627794322046672	0.09603512691938387	0.2010125528823764
014	0.21531364946365322	0.1779238575440551	0.18523640808559344	0.17323765561709403	0.17421830017969656
meddling	0.18669408372692775	0.15966334686408756	0.15357930144103094	0.18423478312243097	0.20596067308228216
11.6	0.2601532138668142	0.18908092786739214	0.25318952374430437	0.3091085318440763	0.3123265948035619
mornings	0.11373399270406673	0.07274944356244345	0.1272868676637311	0.10198163938632523	0.11550221380716734
sycophant	0.1878279480381925	0.1716044994276047	0.19960315184668156	0.1407362833707452	0.17397545891417232
wraithlike	0.17828481920128073	0.21503872507850605	0.19964195232373938	0.18736468358203143	0.20018753109474197
scalding	0.24245714069944793	0.24771124090384275	0.23873398445724392	0.23574526433084636	0.2176478607730555
wishy	0.17906450161797005	0.08583512300879588	0.16525919225163968	0.14979880288895767	0.20037913642236385
tike	0.2958167575493409	0.32916712300351236	0.2527555651328401	0.19609835360895086	0.2821997665157379
semiannual	0.24062092384944062	0.22228348890021002	0.20246171512534075	0.1894508218125658	0.20537112213303255
stealer	0.1726175048310261	0.17452152847837485	0.15471788181630705	0.15972109779624158	0.18614856593239176
airstream	0.11852248085806026	0.19811347019579528	0.17419070800556766	0.16067216863665182	0.19306223966647962
regionally	0.10330302112156065	0.2589553406034408	0.3076591378287645	0.30719840237669993	0.3012388915353059
pianoforte	0.1795629711933679	0.12692738107791032	0.13634598737906398	0.13399598142488872	0.11493236937718328
egoistic	0.18945581627630037	0.2134798382744593	0.20401645840549198	0.13646536015412675	0.11718505714953781
tarrytown	0.12274048949164537	0.1717557832309368	0.2072457417139938	0.20190464173540407	0.1033385656141315
digitali	0.17286345186338908	0.1717067334116311	0.0801993747055591	0.16679560746284028	0.1138731934260778
didi	0.18657057498992086	0.2271018555635494	0.14690327696246722	0.216980246454314	0.19555523509216402
ardmore	0.1258085191008064	0.10304031606048969	0.17576035966879416	0.10952997777388052	0.18989799103402324
deprived	0.19059150419348547	0.1309743941413586	0.11569802383370063	0.11229793210879478	0.10461670639741397
exhibitionist	0.197738502404181	0.17667974930436972	0.18219379940621871	0.19605746321723494	0.1858196246390582
ungovernable	0.204952532526644	0.25797912051401284	0.2423223726160365	0.22090630407682293	0.2589810081004527
ics	0.10891150735457511	0.19200052215937605	0.16951620123558106	0.18646687244815027	0.14194294296905988
unconfirm	0.07919802918737762	0.1532967045843323	0.17570938242780634	0.1427688936625084	0.10343507200471291
rated	0.16776903936288967	0.12113423216290076	0.21485074513540006	0.18620203093096466	0.19342624492653704
swordsman	0.16838556345651826	0.17141423980746265	0.15379072083002548	0.10298090615442004	0.1701207992701068
sophocles	0.15931900634747487	0.14472661508598694	0.17186271839921838	0.14845591812359712	0.1516828966554117
estrus	0.13293876720278283	0.11917517492039383	0.13064760405609838	0.18066652421063653	0.12944567668587414
spape	0.08881149707660395	0.11171618633318674	0.07794935031637502	0.09903279937685766	0.06154063929438954
evader	0.1413419890630041	0.12776054005541346	0.08206663018878735	0.12590257918420333	0.050056762857728476
tuchman	0.1654056164002467	0.17996572606199668	0.1658082838447404	0.13017262942825683	0.12721985103684644
dreyer	0.14767378617300667	0.16202725438381843	0.17071769518655014	0.17029817132303346	0.2305469024281583
follette	0.1275094412733022	0.1546229376148047	0.054316472579425235	0.06432142438338317	0.09336811858203453
finagle	0.25785029407926263	0.2710021775768976	0.19390526098706298	0.21449814290125196	0.27633141986530363
monahan	0.08154347187199601	0.20457928239811676	0.1878790985319909	0.24918668039961064	0.20785458006826407
penury	0.22692783100165473	0.17876958194100828	0.19781173940171826	0.1669319396038845	0.15420598587580606
stille	0.18406870100167527	0.31238909127148407	0.2734661142651441	0.22484292896642197	0.3040419023541966
rhetorician	0.19289808661972363	0.13631111482623093	0.12898635086215482	0.13767577913608312	0.17320048294971727
trom	0.21890933360527945	0.2640365217398516	0.1429506370760957	0.24011081003166312	0.10177531004755308
helmsley	0.12093596724559702	0.20300593035085382	0.21017397033123789	0.16874768746564672	0.07257421173240924
~~install	0.11389431293322572	0.13548963288745752	0.10214608046221345	0.09663863094860328	0.12946045573000106
ironwood	0.18033940409664742	0.19064561264906854	0.18693320312881592	0.1665901350859143	0.17934379189320573
plasticize	0.053262133518041876	0.17505571994618974	0.16441109449534436	0.18626904494148297	0.21383221117657
shudd	0.17060867208798572	0.192223812115748	0.1965550130725031	0.12480477802788907	0.21934260613124604
mackay	0.11353616549065697	0.2308302708345426	0.21117770701785188	0.28572772733328405	0.15189405185834837
1.35	0.22903569427376927	0.23052860575179912	0.20640139905827265	0.1782987731016605	0.11186874859940459
footloose	0.2468375778230112	0.29910475069881315	0.30285326364805853	0.2572598630573647	0.30170789527885095
strainer	0.16984583609702866	0.12145260157089684	0.13479541291123115	0.1376690280497252	0.14014834099894818
overexpose	0.2411202680649985	0.2121266122293745	0.19648778745869636	0.25181066114040584	0.2136297346544374
steepen	0.15367624964015933	0.08891596270633594	0.19985214231903123	0.189724748030996	0.17159192364061354
begat	0.20882762893936618	0.22505797402164035	0.22655651254604944	0.292501222591384	0.2669248394858644
email	0.10700289624653912	0.09481630792433864	0.06688418813765151	0.18321492337397213	0.20104521778515755
longwood	0.1355567813319317	0.2601570491687173	0.19854050247356078	0.17203911233986222	0.2183854325622486
primus	0.307597459635137	0.2190950283705969	0.18748918620670188	0.30674764585483627	0.25575112281282003
travelle	0.24094953171282565	0.24114226736901265	0.2369118041917108	0.2208342090138584	0.1056348493896645
jun	0.21726738398286916	0.14167915127373878	0.2717129837641325	0.22543047192560733	0.2451493874539631
arcturus	0.15540304936550278	0.15931059295832833	0.18856817211657903	0.19596449523229195	0.18285992215192376
hypochondriac	0.13649121511785306	0.17942719160464182	0.15390621167089558	0.16881086833856573	0.14693115415487187
cowles	0.21270197387352133	0.19931149741506352	0.13011401354589108	0.08349745980841788	0.24813186545717975
toma	0.14898206711636597	0.2147822065055267	0.2138057967588345	0.162294035499694	0.21665689206513314
redhaired	0.15366270744557428	0.13216792857444631	0.09325306166954139	0.1379753420479584	0.0479459046825515
johnstown	0.23240778798271178	0.18358031191869334	0.21797219882263977	0.2536795364727555	0.18361239520501085
mylar	0.1558310967521217	0.18697323117218567	0.2213670553769313	0.20957440535801655	0.23799656429294316
hopalong	0.1592479298793068	0.19873627773444041	0.22238238963309154	0.21380779319843943	0.14892494194639325
1610	0.1785199218254619	0.16110331029742475	0.14966923648082694	0.1589753345846798	0.1637115539095019
distemper	0.17602637255014347	0.2254144145054715	0.15816422641910796	0.19964987806527323	0.17645070203319677
casually	0.2840788699984707	0.24021461395740848	0.25481945821148255	0.23396641754872866	0.11165228193253429
unthinkingly	0.22622721776208418	0.2460419001623226	0.2540669404391722	0.23995999415348632	0.24896773446578724
614	0.23605802055884942	0.21253253898954877	0.28586458017390526	0.28157250490536606	0.27192766213621544
barra	0.17316735552335802	0.16920661392443892	0.10496749728756849	0.1651082045667017	0.079564039116505
konstantin	0.11766017775427857	0.146134877563731	0.16396879568145625	0.11334432851900714	0.10062254477549754
philanderer	0.12153991217039493	0.1807587619409911	0.12454121596776595	0.1271404589036151	0.16281348996532935
brubeck	0.1932788669807805	0.17325280104646948	0.18491198368644357	0.16690850211148922	0.19263503551007297
clung	0.24358730352722363	0.19930333348036341	0.2044615079553449	0.19069836942675011	0.22000898188524248
midsentence	0.06301966272001325	0.1389307063214378	0.13851340204719748	0.08821419298094053	0.12052628561626123
scowle	0.24486147557368873	0.23164197222717067	0.1997709019378221	0.16760208434672255	0.250257048332637
adventur	0.14217670358721013	0.13053267682055963	0.16584233045287164	0.12900628235406508	0.16071171678577867
loops	0.09886306566267983	0.11370322851066246	0.1479895197500909	0.14798769458715208	0.09110717380383448
xxiii	0.1300701324850083	0.12153520198179275	0.15325594657486188	0.16673524228628103	0.12784329428184935
sodomite	0.15111058834992333	0.09308260251407352	0.08179310420050218	0.07703121531446627	0.10222264985128326
sidesaddle	0.1585724158028908	0.1918904747354048	0.1826691085523097	0.09466862572252183	0.2148787303993566
causative	0.15181006558010723	0.1409104832757116	0.1552780831471336	0.14494575546707272	0.17499716830860348
lieder	0.19094857169330234	0.18559116701620834	0.18042632558815525	0.13178485290235664	0.13462563674092948
downing	0.2585129597897008	0.2689916524035964	0.2649133251102903	0.25295142544283405	0.28083794588324623
apse	0.1784714503470385	0.17753686218504042	0.18387577683438808	0.16272209988376818	0.16753284773963856
jerald	0.068856094337168	0.11212975069839509	0.09276448833545303	0.15187580602526485	0.12887735298301412
elkhart	0.20667169090056017	0.19413755747270783	0.18372542652818805	0.19591448493826114	0.1936822048948096
protrusion	0.16413435855741768	0.17720562014420754	0.16626064517453865	0.17354539674074035	0.15243994969120148
piratical	0.2635664420104492	0.25921273273966133	0.25794671211133463	0.1812013288251184	0.24172917507291455
704	0.24467474527662927	0.17323418135559077	0.26353261198556843	0.26765185945544345	0.20515879237914134
placido	0.1326757376040361	0.11685840088926806	0.11239623955948043	0.1523721534094119	0.07783957947015685
ridicul	0.18208767120740513	0.18904495140208213	0.1661561354421881	0.17805670199168325	0.18746220248158263
spastically	0.18485680357927872	0.11493615637820143	0.12137628825469882	0.09276450350173054	0.14045643142478006
paddling	0.13277102053458964	0.169531814959955	0.106419022488902	0.21084773357573716	0.17927108206013428
retraction	0.16602645722558454	0.1684937443761936	0.1678155069156577	0.1675106910561785	0.16230469594328772
rel	0.25177826214080956	0.24841486528591422	0.18475823527249874	0.20413147766159243	0.22891745986882922
drang	0.08497430944993276	0.16218290053920253	0.1848215523104178	0.19524694878729065	0.14107520568988735
defilement	0.1725733855222595	0.1913377580746658	0.14321988420932583	0.17814790697218888	0.13608775011074717
statist	0.17945299712508464	0.21297214741282883	0.19548673104703815	0.25187809459849464	0.17527877676707881
condone	0.10157369954367085	0.20742160037495297	0.21820281621701895	0.20237556505578916	0.17126691112885778
poconos	0.09728019314124163	0.08055897720593115	0.12211003477873998	0.06662151954069287	0.12988937242857526
1492	0.20810548317235086	0.1451871589696959	0.11090760701633762	0.1769739976469893	0.16195524984939946
vernal	0.2650520398425552	0.3363336792309207	0.26986773039931966	0.2762081159201446	0.22996204411794058
poseidon	0.199602763341449	0.27640044406425124	0.2744962116312669	0.2263324931196811	0.23642589865743716
communally	0.2165854781075237	0.2580340902893117	0.23269778072681482	0.2606397241938406	0.2595201712445224
dybbuk	0.1539970785564022	0.20159318025781517	0.16098259659864922	0.13571658924369515	0.16794153249018695
recognized	0.18699999821996505	0.15757554241810032	0.1832043426334915	0.1851514296541798	0.12069475988172758
earthlings	0.15798896450917807	0.18825454812743356	0.12620803338259004	0.09446314030488445	0.2100962805467715
noot	0.15599514769485243	0.22973577618739016	0.2123040901617904	0.17289522860100007	0.15319203174002338
moet	0.10590464985598935	0.2173839209766901	0.2040906995046751	0.1918073509018016	0.1812287929273005
addresses	0.19535002724794745	0.13337670182477265	0.11268263763138094	0.13957351573142687	0.16371705942352086
warbl	0.1674122625979954	0.15254041025880535	0.24022813451115385	0.21698624915514747	0.1796926740953938
disinclin	0.12174257428770068	0.08583278929393828	0.11255206579828876	0.18061559858359266	0.14771453424631653
homestretch	0.07060213078780675	0.183141234696347	0.10970078428269986	0.12049035574549716	0.15959324218098417
draining	0.205242491729974	0.1944684608419286	0.1557510337209148	0.19007248517729713	0.1646216105632611
slipstream	0.20066348947264726	0.1662410264699603	0.16197436374949206	0.17902546250021212	0.20892284205422612
treasonous	0.21436027043184103	0.22561201003871492	0.21902593881294485	0.19039544623112065	0.22104040960578547
precocity	0.19959478342842235	0.19356179746286922	0.22291784973350062	0.16961331289253756	0.1070738867701872
631	0.25543203979554935	0.25231989426565027	0.26143308228516005	0.25830822126160924	0.14304186778499717
macalester	0.08254717444013127	0.11762397313236483	0.1593669916035144	0.1213712746084793	0.12717445573115443
flar	0.24019327200221208	0.25598883767531216	0.25971918503013147	0.2178826214328968	0.2537078777595939
greatgrandfather	0.1439669499458401	0.11763895393561193	0.11995570401378323	0.10713973025786956	0.10062923562210202
doore	0.16110072446612267	0.14295450687227387	0.11206051291656476	0.16205934541627393	0.07956140862098293
gambia	0.25574671825404516	0.20107876331440427	0.21654424698642558	0.193181563724802	0.2191052466223018
reco	0.09854219860245927	0.13462522819489975	0.1477176276849386	0.10123914103989207	0.12074884160365955
astounded	0.2747830711164587	0.1726953819521209	0.2214795826020969	0.23121057093041336	0.17196376499397878
scrawled	0.1559350564298045	0.12632276236357642	0.12627524331179077	0.15219220040210438	0.15043099257977052
hoh	0.22530197300094054	0.11956830858951195	0.08804073079982966	0.19678456111267692	0.15647236774890563
undoing	0.16780968150997919	0.18675500706042034	0.17278931080605364	0.1517654286916818	0.13093957175051024
cabs	0.19273644980950727	0.18218273635176524	0.17870075763566118	0.17634255399068252	0.14805221839720115
alcorn	0.1613101036137749	0.18333452859459873	0.15478540034548935	0.2177803368418723	0.22886222021215197
explaining	0.1373365320149435	0.1676948298694705	0.14911580248836825	0.13315165664929468	0.17968096086647192
pounds	0.2112413174842546	0.08967433963087283	0.130809024055791	0.2594970207733359	0.2414198931168721
herding	0.14214225990956217	0.14892383621542554	0.14285630131139126	0.1916997763691341	0.10370097224726599
soloe	0.07888065639715758	0.13198187680471607	0.17233986776659765	0.06259448386165428	0.15524156658590182
hooch	0.22104290895272163	0.1997030866416545	0.24376676414182305	0.24552245138275205	0.2546164592934733
malacca	0.19036829920011952	0.1444636842725455	0.09533173785697231	0.11504566637149125	0.13649785662147648
bloodsucker	0.09247727152098162	0.20429928539132874	0.19923248963330892	0.16950873328550012	0.18646311099366805
seedless	0.09653590777126814	0.19336394374722962	0.1674204380255092	0.203185768389192	0.1633784792570325
aerodynamics	0.1506621005643453	0.15071081769414335	0.1683245838023286	0.14646570956928048	0.1812028131902857
haymarket	0.19807543698695043	0.2308418682587058	0.2635511356585223	0.25997632651645813	0.25811687490430085
bridged	0.1755982966651728	0.17024311683332802	0.10306855284502647	0.04716242308433455	0.15432156338089917
sideswipe	0.16878377032305653	0.20813631408071553	0.16397100666229344	0.2170325256867887	0.23252355486695891
expresse	0.18310609711130868	0.18070508675229957	0.1880989107126714	0.16710642787759508	0.15447910439933846
theatergoer	0.12938378275917814	0.1941303924252931	0.18235669832923446	0.17137908370924831	0.135338726536971
princesses	0.10215798309779726	0.16368870584279552	0.0739918550503893	0.1438975008978879	0.15575713301147787
supports	0.22502788569114995	0.18367434950187236	0.16133642636616166	0.1741125172640346	0.23623339324178233
munching	0.16353840792757865	0.164481681687501	0.20410696088597133	0.19592192162608807	0.20375433832883363
helping	0.15921341567840594	0.1681512771619631	0.14419175483856922	0.18241888429603487	0.15015310878597868
1528	0.15996746615415577	0.13534964928029472	0.07804614986071219	0.10256885156002009	0.23934396996637214
ploughshare	0.2352126766127041	0.14096504963466497	0.181730987020679	0.26167713515725416	0.19117821127802953
tardiness	0.15470786785168716	0.1692254386720627	0.19439589208745117	0.14814774558408508	0.15844879453627403
rankle	0.24331400637886935	0.20098952796732364	0.17316708741409975	0.17973584809276177	0.17328732118864612
effervescent	0.24944145648252156	0.25633744643609635	0.24167851957599482	0.27574847368198113	0.22660005088059307
distinctly	0.184139785315889	0.16318665328021098	0.20067610366848943	0.20376473609639797	0.22673668860552693
vieux	0.13168260941751986	0.1453240627680496	0.17576302436053876	0.0704491204902864	0.14618401896935931
merriman	0.14654544768336786	0.09568031399085225	0.1381880451981953	0.1460648067557787	0.17837683389069195
rigged	0.18744521862545133	0.1524545170723659	0.22557091225208742	0.1930534788499744	0.18497209225578845
trustworthiness	0.17602456790397605	0.1659955459502404	0.14499330802000426	0.15975382038347133	0.19420173904001112
jilted	0.16509958946387782	0.10722003208600676	0.07530923757986491	0.16236451149217146	0.08121356137106128
fulminat	0.18842054743019276	0.22668847315539456	0.225386093052731	0.20772947315924697	0.2436814963721391
forecastle	0.170483733575912	0.19648321983392683	0.10710692880020327	0.14776454297206407	0.13865672206461446
luanda	0.12337661071191768	0.14363288023496995	0.16738007787931666	0.14598382510072702	0.12597539480790731
962	0.21250736493067537	0.20583555497097714	0.1968527093444998	0.2547338586496658	0.19599905923387137
boomerang	0.25597002013719833	0.26323462841158446	0.26279839403373023	0.26520721040427087	0.2969603599869228
potable	0.20747559244965724	0.1965895094237116	0.1948808481652102	0.2078400923697606	0.23009770657030718
dastardly	0.2011543306337711	0.17897215643712588	0.18307928406059623	0.17116988562917637	0.23416107196351513
woodlot	0.14302866531873965	0.15726474826404216	0.15422235859925532	0.12735469138357206	0.17294099424388293
var	0.16642705876745367	0.24231509931674491	0.25032076085211663	0.16608580140470577	0.20017815965566563
wealthier	0.18306229681756897	0.19023423270961431	0.18262840952377077	0.20418572635604787	0.2207469629732019
orestes	0.1689074045222828	0.09859920321887228	0.26656808540929877	0.22019028703725468	0.08710699691640589
wrathful	0.2403418517611001	0.23964330296897643	0.24429228776310222	0.2096144579737317	0.20471162123757675
tait	0.09832564796070536	0.19849959367458905	0.19035612852357908	0.24991696099449015	0.2359556334867009
uninspired	0.23632793297128377	0.2743542307995474	0.24356348659911364	0.24824139468420456	0.23531504796659508
ventriloquism	0.1915200315611195	0.17316360297542854	0.10128594972013254	0.1244586205732893	0.11581820875215049
gonad	0.14612564627641125	0.1376851281338831	0.13030877667047017	0.17282066114257097	0.14826760838017547
fortuitously	0.12822397871260238	0.26172173764205053	0.26017705662517615	0.3364686585020795	0.2826655980990367
accompanist	0.1134678366764844	0.14907147656511405	0.1413413051176326	0.10959945382539804	0.12348735762586517
acclamation	0.12413024982076394	0.11855694322700547	0.16398242833666574	0.1707787936720596	0.15659878453206902
coauthor	0.12179318829780447	0.17436250631629213	0.1806329454241305	0.1336200420933927	0.14431674286622004
dudgeon	0.09455614917099958	0.14076294492015393	0.20489591750575864	0.21047774147953102	0.17439737306358605
kimonos	0.13343676716750885	0.10929263356496774	0.15114419432208884	0.12778964929442982	0.1477122446943657
reliquary	0.19720475985232247	0.20350603917444865	0.15746862275604695	0.21105439296586523	0.18633023691680264
wavery	0.18720926299728508	0.25256144734817026	0.26417071912429135	0.25158078075300655	0.21076113472015195
shithead	0.12979097826155242	0.18534544465151903	0.1782525681872933	0.16646022563403112	0.21667173613424426
strips	0.08059679910690098	0.09321134047487845	0.22491741364770318	0.20239021624944226	0.24441610933532598
915	0.2259097147327939	0.2626807134876601	0.2472671622148363	0.21060528689180188	0.24924984993176946
solicitously	0.18913253376931252	0.20839438952030365	0.20173807783681139	0.17963687245987792	0.1872369604383496
penrose	0.226653895726065	0.23697573407686698	0.22666869417907448	0.26531940425581946	0.26607408147226697
readings	0.09631017396699233	0.14615466154297937	0.173735705218546	0.15669280315790202	0.06426382340007736
eightee	0.19442569924769143	0.14390501798261437	0.18514229017560965	0.16604280260388554	0.14798913588819573
adjudicate	0.16323262208934303	0.19832195671902364	0.2118904330241434	0.18083373967015626	0.1384221829762441
dizzyingly	0.23319816748622135	0.23495944090451096	0.1244387183371603	0.2755720892524336	0.2830104193286187
tautly	0.28902473069220946	0.2817477138958785	0.25669774186210653	0.16859017124834436	0.27982154536295734
rictus	0.1196305531310567	0.12694047306966844	0.16826441344349943	0.10533714519700985	0.15799416828552956
eames	0.14925561924773884	0.24014637439183462	0.1520365434506594	0.229569857898143	0.21640961519278612
fronte	0.24139094734669095	0.2117035790523564	0.18216106205661942	0.22904714641649976	0.1783043394750454
famished	0.21047493935838096	0.2473864499624047	0.20322088463412377	0.1581503371235615	0.1356254776303905
moonstruck	0.26879542763824743	0.22129180983132465	0.24308007022687692	0.21534192984688963	0.31699440757249236
cardamom	0.16233368053985786	0.1606093527434771	0.10767749113967988	0.15569758400568365	0.14657319624011628
specke	0.23937803899349847	0.11286434944606046	0.13337708850850793	0.22338175728886425	0.19619579709837864
ethnographer	0.1142131995561155	0.12551655261085384	0.12732408676536314	0.15287852519736078	0.1624433198564464
billingsley	0.17570599478758908	0.1830242854747719	0.16377686191149854	0.1903840450452588	0.20500600199907354
unwholesome	0.2688376689465089	0.25947475948572546	0.24543838158677922	0.259282884586567	0.24608164566893426
tailpipe	0.10989660169101734	0.11771225974382751	0.12283636862684173	0.24327382764629504	0.20150210011398753
unaffiliate	0.19393536005050155	0.21955735879478705	0.2449728037285078	0.1959261959063932	0.2129990002340848
insignificance	0.1403480112288859	0.1314208244862726	0.15097155837247397	0.13947854574642635	0.16125708178301837
irvington	0.14386914077977422	0.10885935144799891	0.1151375929927716	0.19365696069553445	0.19184992147961405
dreamboat	0.15064021212615886	0.10167771534202252	0.16107062840362238	0.16490451927279212	0.1862575112886933
snider	0.22139964918198374	0.2007040163838685	0.2025334745211861	0.19039562652362774	0.22645189828628692
lippy	0.18045404998064327	0.12076447701246334	0.11868757238763689	0.15804433720122285	0.18897602857418397
pertinence	0.19386769764838438	0.17161119687398346	0.16560401482365533	0.010223528398266735	0.1221736643971536
lodestar	0.19887630453565255	0.06782650399987927	0.04427031565849393	0.2146819771665685	0.19302427423431534
juneau	0.19597537929822703	0.2400097505656197	0.24866530523979233	0.13767002495270841	0.2199303217712501
gracefulness	0.13571976902509705	0.09194007756221445	0.09962523621177259	0.09025774010729726	0.14066048993840422
gaiter	0.18131266540304863	0.16917770504216137	0.11496748059615058	0.15788268177873185	0.2120885502089706
licit	0.1712635642659329	0.18028356321595693	0.2395822373683588	0.21044008876898135	0.14243887064487484
fredric	0.13688539882555695	0.14461219847480394	0.12755831271526394	0.14766995903225827	0.16378892872266873
ganz	0.07497834854278035	5.731163642719306e-06	0.24639193821318825	0.22795713002930001	0.1793175907198835
turbaned	0.17210175495439303	0.09063064588621361	0.18548989998607235	0.13652883255098697	0.1760491084252856
chomsky	0.12445962867490462	0.18076350157427154	0.17602943526203815	0.1838137709654575	0.1644280070305804
bouvy	0.11492767855726191	0.17065421793059302	0.24532450348280352	0.10725239277666937	0.1759741754026647
kleine	0.15121953391033957	0.21363630474139614	0.09126938323361011	0.0945727489199939	0.06831177509431174
burlingame	0.22359536960580276	0.11424137741930387	0.19512498418412622	0.2547826391398946	0.2153042037704799
579	0.1547154413036931	0.2958526784587284	0.21987273441241406	0.24269978113112137	0.267259023134073
wroth	0.10132487459301026	0.20224956475419598	0.17493873729531678	0.03453987441489831	0.21696371157714306
camouflaged	0.24287658155523528	0.2501266254883096	0.21524435068940895	0.2409988372404945	0.22026473044120914
headrest	0.1655967959771667	0.16379829500960014	0.19152452343070386	0.18199240384694879	0.15196463436851487
souk	0.1486606169622006	0.12351458532737167	0.16477612005435457	0.19410952660436515	0.187471008457009
woodcutter	0.19113984734968106	0.19013197848442684	0.19349756787943517	0.21645409506064078	0.18921971765228981
ue	0.20987773828114498	0.19248377289232335	0.21543512209957116	0.15443191271899126	0.17692116740101574
bicep	0.11200408027524515	0.11705379974926965	0.13043216931280618	0.1318628123563529	0.14363513528800703
domestication	0.16130076720432215	0.20211609563749233	0.12353886614161635	0.2162965933853204	0.20899702996413944
hemm	0.3029222735326629	0.2636481085079739	0.28554619836984485	0.2841897753182547	0.34207372197899494
underpass	0.18172548732878382	0.13937300604467043	0.17001323936239843	0.15843530743488238	0.17733309164872038
moxie	0.13143474821176265	0.17262211159614863	0.24225082724349825	0.18162259857676652	0.21751930469462466
healthiest	0.16821729915184225	0.15344621871967817	0.1825081408162102	0.18104729916496984	0.2039455502236577
temps	0.08483430837845345	0.12516588421959193	0.25152932713813353	0.25946262909538054	0.25299589081218327
14.50	0.0522715951338209	0.1934835042680388	0.09844194561101449	0.058124279066646634	0.21232711592788078
xl	0.1561747188259774	0.18638134128141257	0.19673212073940805	0.19223530545209463	0.22836707161570566
sturm	0.21433604956070904	0.20585805283456854	0.24351154733911504	0.30865010439890733	0.2812015087059719
lawlor	0.18012075177571654	0.20296651852291844	0.064875497698759	0.1994783105881921	0.2301897556626597
936	0.12359855389440805	0.07182768821333674	0.19951452309455625	0.20368233924394252	0.25124560179907945
dusseldorf	0.21893318898535427	0.09101122456441091	0.2101132033434103	0.20044898253055315	0.17535348927298133
omnivorous	0.24245242571429687	0.24979135920137682	0.2519499588878645	0.22699827082702045	0.2536835854094948
typesetter	0.17431898025281053	0.16732907098511604	0.12596998679584848	0.10931309479639473	0.15295712620085647
nucleate	0.1921052491087185	0.1503657703813942	0.20097137478657148	0.2297903740989255	0.04006638469085899
capriciousness	0.12274020060103003	0.17085889037696067	0.17073215478124723	0.15902849584987747	0.12227105471740607
monumentally	0.20846156299600546	0.25749885297641695	0.19395295496246293	0.18545197486619358	0.2598431819587315
swirling	0.15795454388087432	0.19700853373164506	0.18551551543620765	0.18527829746864322	0.11644945952779899
wexford	0.08412197238892508	0.10451777523791017	0.10983561083213744	0.14185814201860641	0.20121810842340027
bushnell	0.159504723691057	0.23557798197544777	0.26089465759850006	0.22120222474986834	0.24879055018456472
stifled	0.24496484603517327	0.2157147610261255	0.14771018728953603	0.16866212446795031	0.2018824467457679
bef	0.26924900747002417	0.25762168157590193	0.1337052505239114	0.17591365467145004	0.12183027160811583
gymnastic	0.22555617580372261	0.24709031211085622	0.24494031938820013	0.22950683611944397	0.18660043317726838
watering	0.18302570735355767	0.21513175274381402	0.19689878316322174	0.1871524283697778	0.18875997946300058
coltrane	0.16403297626646224	0.1191299708266322	0.12648684241957994	0.1795677877205642	0.19561662435667596
mononucleosis	0.09327598411413962	0.09427302316955555	0.10441161320670113	0.1070940293870043	0.1747002759382073
urdu	0.14218450602712324	0.11828171931814441	0.11714514248981145	0.16537930186819458	0.15972627775268988
exploite	0.17363648041591961	0.10893349627722881	0.21062325362309878	0.1794352113151488	0.21012048031601807
robs	0.21965865420130795	0.2372347850904643	0.16178689813136637	0.22242589026227327	0.18246435529483562
nailed	0.16967904998707325	0.19733294192638773	0.1699455197200897	0.08283477856343602	0.21785803239932308
1608	0.1539074534530389	0.1205436795784719	0.13035436870148207	0.12287781652880192	0.16339922835485898
nunez	0.20380278290347736	0.2027035495226593	0.21383811642066874	0.10107124737646583	0.21867903813178993
waave	0.19185799456729344	0.25146860805235394	0.18225404151344762	0.21125757474911885	0.2291278306192428
eurasia	0.1854726066771795	0.17188748554476854	0.18515119703870203	0.28474701500154453	0.1387392687609049
weatherproof	0.14941859483037198	0.195689129142613	0.19735562265716192	0.2147796312609628	0.20666244887857116
univer	0.2726206049066476	0.2502122206124678	0.27169569105693375	0.2143063588674757	0.17912662344351188
advisors	0.12259016475420181	0.1371468237370848	0.19428206324688668	0.1778215887064048	0.17753543470334454
nly	0.234729363215939	0.25169990962804734	0.13428834144035973	0.21712642026528667	0.16357091354993436
foss	0.22592003598448082	0.19285643534792377	0.18593007986936574	0.2722401367757189	0.16848444382981692
fanciest	0.17468221861202926	0.12042655059068397	0.1598903596609538	0.11866358582950559	0.15617068415843946
beautification	0.20337689881439436	0.23345946428979952	0.14317603704296525	0.21797150258128506	0.2205713885213502
754	0.1747492880888315	0.24980749032067373	0.1886783826761686	0.19133075735409186	0.2749005676784057
minot	0.2666155269862636	0.2199055668125502	0.24347970605534855	0.0803562467240938	0.25313923824561496
humanitarianism	0.1960890994084915	0.151227076137475	0.16861455080529364	0.17509687310689395	0.1571918147650505
microgram	0.09817745139175896	0.1488302172232621	0.06875927505329743	0.1662976378727295	0.09895196636621516
shelle	0.2947437426471812	0.23981430622508526	0.27993748519852346	0.25001944495492723	0.2606331417255475
atlantan	0.2124104128607005	0.1797425871844861	0.20472102039383447	0.22701428939041735	0.21223319574052976
heli	0.22179507563590195	0.14521822563673342	0.22016083058063968	0.22041699717818816	0.25010975279226993
2600	0.13006004012459352	0.06096054387093214	0.21012014081450658	0.17062510982389273	0.21434615431783313
making	0.22742715973701477	0.22886360699437638	0.21483753830130603	0.21232121508979143	0.23761160021048847
kea	0.1717480777963661	0.15834888122393284	0.14782915223117618	0.17962139156196225	0.1458074581072645
unspar	0.2211744013754265	0.27576687482917245	0.22414815150326742	0.26609594625954824	0.24664723613768622
scamp	0.21463003677047032	0.2036367603894186	0.21594889404523007	0.18848695847208238	0.21726004862490983
hennessey	0.18443462113384226	0.23283450177460296	0.2525876663246953	0.14619896782726835	0.22670084535203103
hazzard	0.12574417943445995	0.15875333894664603	0.18175052596073263	0.26001679887811613	0.16506227746478802
blessedness	0.127680953322542	0.16029644695302736	0.14044442487630007	0.14336952427079366	0.14187185714071254
prudery	0.19046927297663682	0.11685863970966633	0.13750876300731346	0.19795471109364426	0.12803127233076894
roosevelts	0.1446662985255519	0.12918664748621708	0.11146209305914773	0.1207969122127828	0.11185709889591426
rorschach	0.1208912414513501	0.15199054958706318	0.1278151743668013	0.1602040524708174	0.1600258311970715
focusse	0.10300534866554362	0.17207546720952907	0.11657773708298091	0.179801288300467	0.1281294085152745
watchfully	0.13683202783646922	0.14310351231889257	0.11448770438674066	0.16734507225243697	0.22761080989171356
kodachrome	0.18150114214140645	0.1999478824101631	0.1772897421043378	0.1908578505164635	0.08354853319753397
thcentury	0.15710712098802374	0.18331711717022764	0.15059851464184162	0.07429524546750144	0.16139118586899184
interpretative	0.21508369835568544	0.26385320986947103	0.20454280112509218	0.166445698931499	0.21527496763896237
submariner	0.09507209740711464	0.1483292600613532	0.1501483502657535	0.1309610907132248	0.15232309161773955
rips	0.22911219597600596	0.15247377711229382	0.17099063134441908	0.2181871142801385	0.21552434172870466
misidentify	0.11843929630697869	0.13466519979084557	0.1998921050707688	0.2252215695417607	0.21085125145185762
delimit	0.2201266042768294	0.2439532791451584	0.1949657643744793	0.2002535554630537	0.22398328806636886
glasswork	0.18970630597419622	0.16955129498910382	0.11629862192363111	0.15631965332571943	0.2255917601138661
1.26	0.14291765164435177	0.13073820093192717	0.14694894889139076	0.2599293254448528	0.19840685860727816
dodi	0.1471236898215657	0.10501435467701455	0.09909677774211123	0.21368328523260574	0.1493507264425674
contai	0.23395788665635334	0.20168807498449146	0.23729024924289235	0.16912176244281923	0.13292929388578134
officialdom	0.2070365668203451	0.1786870819321567	0.16870533524967618	0.1702139237881766	0.15689363176874208
sounde	0.17957381421458274	0.11125027630306608	0.16634922514362366	0.2429086374118394	0.2574340314406239
mosely	0.14673083707427317	0.17927975689866324	0.21024479171247556	0.13749670965414268	0.1947525613413934
cryptography	0.11494145893934621	0.16724153167915665	0.19761578552711576	0.15067178413025376	0.24070544408624922
grata	0.11690773860615981	0.09986181215530152	0.09188642252565363	0.09073815018105737	0.091495937527215
martino	0.14544440718971383	0.15481976632703043	0.18284468394525413	0.16946556545933425	0.24890469796009868
admonitory	0.20774518191829003	0.1940781543304606	0.23263105571525858	0.23399530925796838	0.1402938673017953
unfeele	0.25004087956684906	0.24206071317204092	0.21971657841836814	0.22627948984111984	0.22225924990287063
atherton	0.19868141192453476	0.241061106189884	0.09728547601586485	0.1987182087114606	0.2536828701566426
mandalay	0.11765568249744146	0.1483658049643919	0.10857658312147815	0.1650392866821024	0.16427514074256594
spandex	0.07902108249800406	0.14083562495047516	0.19606210451044925	0.22457516483154918	0.22182849582594547
midw	0.2652501714335647	0.26274303610656674	0.24669611056280757	0.22692744465390313	0.14400811893551257
freeport	0.19195353196814027	0.14665882290022259	0.18008056292752056	0.15869129968816917	0.17490422633382716
snarls	0.22280937708171392	0.23208837950938332	0.2212447512044719	0.2362130764042113	0.14648726719129707
mains	0.21409587068979735	0.21002184585769512	0.1868282960415224	0.13179864358160742	0.1669551670063305
beneficence	0.12327239756997328	0.20366957453448714	0.22621798871345644	0.14944265233409196	0.15958345671515406
ingall	0.25480281032234164	0.21997806852969137	0.24764054030338137	0.18519795437410733	0.228789456815245
falconry	0.163202825061637	0.0889714503164023	0.16517836363917918	0.167271324519943	0.21401555973918898
levant	0.15389702480147607	0.20439133353672415	0.20207869841982484	0.2212778516478658	0.2066610805742311
complainer	0.16814085183852664	0.1210457771869275	0.17203454214604846	0.14885380187817482	0.15167026067043782
lucki	0.163694722830498	0.0986260009056675	0.1520293473764551	0.14976191918430193	0.16098918155205044
sargasso	0.20228934635635412	0.1299646924498328	0.17972008638865578	0.16365331102100267	0.1127495223381094
angularity	0.14668219247635214	0.1313245236064329	0.1906015972329947	0.1325336591823843	0.09413745173059958
multilevel	0.14440975345681167	0.20022543742153387	0.19143334429598197	0.24133094827199947	0.23935445049925647
backache	0.11760800186759758	0.11690365552946339	0.14273545653705086	0.15703691399333583	0.11207939632063386
taxpay	0.23634832677517423	0.25061271760466736	0.160383553883623	0.21102064004874296	0.21987100499282572
fauve	0.22007428215034813	0.057659378175554	0.121839091892358	0.12653496207859066	0.09100248209723066
1697	0.13164014190734408	0.11592599682135671	0.20592851240715015	0.1517338479916673	0.10669864722837732
premed	0.19292843655721026	0.16520679953264097	0.17536116744929295	0.191692808861341	0.15896612505015495
freiburg	0.19515069834912704	0.12164145283969145	0.2557234646363171	0.10849940273530406	0.08260567327716789
eiderdown	0.13042597121399524	0.20423188667700018	0.11780581956804022	0.1869948010676259	0.16202144935130983
dyck	0.16795140814812973	0.12541640708115864	0.1327804342728117	0.16130200189748897	0.18201634523056548
nettlesome	0.24590788224140078	0.0760961087852724	0.22533655230445004	0.2796737310064515	0.22816967290920262
1480	0.2145070822240624	0.08290484298124023	0.16627163999239827	0.10196814438479873	0.13363582086281736
selfsame	0.30383895768560537	0.24960711030872712	0.2167083825855287	0.27862016843425796	0.2751059995553403
booz	0.1441719554305167	0.14238314841095281	0.07772827829292273	0.08983820919702952	0.1841743815388962
greengrocer	0.1933276910770166	0.17016475719913632	0.20364890335839805	0.14828477840550186	0.1812165061459236
shirtsleeve	0.2136664139043549	0.16868194079265153	0.17374352798924228	0.16284649373573168	0.12611490174795234
triplex	0.167399169571547	0.18158772094371672	0.18721101529609382	0.10229693830367675	0.20837518997829577
schenk	0.20235573423544542	0.19704504639199052	0.09766633725184126	0.24979573406628106	0.22452058551116436
industriousness	0.1263909627456794	0.0831210164033831	0.1836677679119851	0.16001388652063733	0.1526336181135687
locat	0.19637043699017248	0.21612414332802654	0.17900314374575588	0.18918040861522262	0.1303838311384064
bache	0.20596869994270062	0.2250972120231583	0.1622818484170325	0.1563044870817689	0.22073161198841068
bennington	0.20484879891007754	0.21275189691312466	0.25132503747405704	0.230563021852685	0.2069747285666055
bandolier	0.1598181966652407	0.14728998602846632	0.16610415964457612	0.12450823173620099	0.16456809665320446
smalley	0.25686677493370963	0.17578908146658007	0.213130131901373	0.22746851984040717	0.25662837964693497
iamb	0.2207895531822087	0.24745361719793385	0.23052639912969453	0.17629719808916433	0.11851073123558575
ravenswood	0.18730358256965282	0.2289943502914548	0.12076839603302225	0.09619608210684094	0.18937096579570073
transformed	0.23482473335331489	0.2500519799561816	0.2351950086457017	0.28420494799432905	0.27111015954203715
squinch	0.23162606817466358	0.2686503236900451	0.23793996218537747	0.24111743455362422	0.3067421432009931
sharps	0.20438814990743265	0.16994810790543177	0.11740897676053863	0.21885601635842794	0.17030429786956108
bic	0.12247327575976646	0.22270005577987737	0.25662133413318594	0.22672219492009552	0.262470506530172
exchanger	0.11682501626733464	0.14571022594103306	0.1543357901464205	0.15099811312613043	0.1280318806963662
inhaled	0.08122405495499851	0.1529771609727321	0.14150335677107562	0.12775311869286415	0.08294565776376507
anchors	0.14467159692887174	0.1048186393187529	0.17389406369411736	0.2134036689559397	0.26343339000451343
discolor	0.15276200034401874	0.2040121809697993	0.19089384535459938	0.12904180693738188	0.14347182884513762
uninjure	0.08343299911008002	0.1361673521379617	0.17804225961739323	0.1241745316223241	0.16439468750688477
harebrained	0.19869647802408943	0.20236080061511905	0.18326082561403018	0.19350126158357034	0.22119685633100988
disinter	0.25223271075780523	0.17120485621849224	0.22653194985364059	0.2348614423140801	0.2002930328487655
urbanity	0.18387044118032883	0.1951188555316474	0.14892589707667694	0.17268929375874562	0.2039325420368201
bopper	0.17273342068520062	0.1940387352156369	0.1528562594676463	0.17409821909090725	0.18398267970959395
speller	0.20697292336975867	0.20582143744875028	0.170164770606861	0.14869489117635162	0.16106797829376676
orate	0.2348094099295608	0.2485243935321787	0.24011460964775705	0.19836474082204458	0.20071248478564616
authorizing	0.15564991089978034	0.18087013923684314	0.18734550442379377	0.1984194667301445	0.11451463483028201
622	0.2521574331266031	0.1376411640731422	0.27027148434941756	0.23501305314448878	0.24327752611369746
birdcage	0.1514053979821177	0.1854349306303003	0.13993835748021602	0.16444368202506088	0.18460725169849138
lubrication	0.17659063269303288	0.20781589836493455	0.23991036792000942	0.16686706489499561	0.19070286237726333
burch	0.21667131545313426	0.2035749869005661	0.16420133869823825	0.17532667514333597	0.19272392367205565
headlamp	0.15866548938006148	0.13189958210976463	0.15060093077019523	0.17619389783725795	0.1827701995806085
wilkerson	0.1363393861921007	0.24539952628252748	0.20388007458705376	0.2431579530607801	0.25109213725066637
thundercloud	0.13620738286540474	0.12130425729330468	0.1899037713912496	0.14666167219509155	0.16775560428406783
hooter	0.17589684533803893	0.18024444640696505	0.19557928394882107	0.21988444626261297	0.27825487608913585
prepubescent	0.17939331612264314	0.22721017073648295	0.1255764453270627	0.26353892343867896	0.25659090765739123
sousa	0.1454498012408044	0.21657160598174408	0.1967499136135952	0.1813509430929231	0.2767981883463168
confucianism	0.13987106644910224	0.13367176483986953	0.12163762147656647	0.12148169496234384	0.13162204785358156
cigarettes	0.10121719340937947	0.13033518825790683	0.11551809682173235	0.12712334654076143	0.17182624632435253
eunfortunat	0.13660737710474397	0.07494276325085555	0.19893727768873667	0.13226715171387532	0.16411671428436414
inelastic	0.18812702719921118	0.2370204572045137	0.15514432040820592	0.17161635059891628	0.1451241735088599
sacristy	0.13022084841281995	0.14345335713769264	0.15866962546960706	0.04377984661844564	0.12066183412087991
evilly	0.20950865318496525	0.2099809937063074	0.08372057856342756	0.176247828156548	0.23338368686264094
craftily	0.2724277279226515	0.23706725836994058	0.25879131584092346	0.11524411038188015	0.25929377407121323
cocker	0.19563142438988604	0.21528449716928516	0.14188515558963552	0.21441011144863958	0.20869356661052393
standpoind	0.1610447836993145	0.15788736607946013	0.14553912146605333	0.15055812937804736	0.15499000046182673
shaheen	0.2317743504438573	0.22510662452605468	0.12183683785083571	0.26512793209006674	0.2752548487034768
imbib	0.26538550053021326	0.2291466369426031	0.24879475877836213	0.1903819407830472	0.21840889040661918
17.4	0.2295734879886711	0.19005355333013457	0.11456668227761846	0.2789739560943175	0.25629882741134985
chintzy	0.22405994505251095	0.2809245147809163	0.2532354390723439	0.19112014287366375	0.20322293551814008
plutocracy	0.16808946255210921	0.14919112141163732	0.15189500675784673	0.12555747488547203	0.1534129120838339
halliday	0.18707091037347934	0.15434644942328746	0.21376946948245987	0.22700352351629366	0.17309606678340547
brueghel	0.17006257532484584	0.2140040706844066	0.22166206156252918	0.08556493946645011	0.16195822535336288
chatsworth	0.21329406682668361	0.1355895162853277	0.13902412983079454	0.13255838865121877	0.13970740561394968
overwhelmed	0.20879487322178517	0.22751266535168466	0.24029589421005018	0.19202597939622193	0.22399456421116934
crayfish	0.11644729403012595	0.1439830393426652	0.16623682003500115	0.16842882611414928	0.15278286360430743
neckpiece	0.14405625063951968	0.12336166470670291	0.08880755849777044	0.15895136984671732	0.1837884415058461
kenton	0.2423501289802717	0.2823963240463672	0.19473081533655776	0.27133657470077976	0.1945841775985828
scythian	0.16896472985219957	0.2177351238159123	0.14640345690160342	0.15676770325192277	0.10094645426566329
gasse	0.22384974879920014	0.26738212717854554	0.27415446724846204	0.29521082781479735	0.24157590608402582
gantlet	0.17983632194114946	0.20690425177420016	0.08668956507549369	0.16986034309748368	0.16814497255516306
balmoral	0.13976908732324062	0.17425692120132352	0.2162581843809225	0.18316746830216815	0.18934087433177021
andrews	0.2151137732520384	0.18386513596886409	0.2037674142165691	0.1657882283810041	0.17782974259876533
angell	0.14871146167680555	0.23867567445410254	0.24713141123000776	0.2583234129838059	0.1151852146171998
wilfred	0.18998612585269298	0.19650368365651188	0.1911970565748552	0.23674928149890007	0.19218645289059136
rebutton	0.14371924824511015	0.11844701451761168	0.08093268483058384	0.05476538901379724	0.06528729695889224
moray	0.21289386787986597	0.22701081963595066	0.17477152658900225	0.21951307682469196	0.11832520144064156
astarte	0.06822998158578003	0.1418026722936456	0.17208229058137328	0.09302000892335893	0.13025470099715689
cunard	0.2890843491434309	0.29878778477541945	0.2757216861980612	0.2186748239965869	0.2745845630867558
featherb	0.22487242275104968	0.17427108059711624	0.18695566768122754	0.1668927339157037	0.2360954344952543
capricorn	0.1677115065490193	0.1833306663072083	0.1733857389095142	0.1800118303312992	0.19395493144048656
fusty	0.20308443317163333	0.21631610659832748	0.21232868917069364	0.19451988844022478	0.24448747948373467
slimness	0.1250538903311597	0.15509736825618442	0.13559022252704908	0.16744179853603103	0.14878824374893024
tyndall	0.11900423420443812	0.1432360745327284	0.10103545057530672	0.16457375793150897	0.18872404528424996
battling	0.18728182935243937	0.10190592143627303	0.15041160395567169	0.21123651645672345	0.1769701575551478
crampon	0.16167124361973537	0.13885751738423358	0.19158563399201217	0.20815228431976593	0.19155150159795814
sounded	0.14922255353592792	0.16734168852367737	0.19369077701393111	0.19500977780577644	0.20217339939531256
tendere	0.20950717864828128	0.29413837237344703	0.25841177141875205	0.21719113479835606	0.2381797146498274
cheesy	0.15286132884580028	0.2102880125244657	0.21524399024218538	0.25387896822331724	0.2655828836383749
2800	0.18263262246997636	0.19735266028988124	0.1961732409268906	0.200653551124152	0.15532715580236173
rhome	0.20619764987654138	0.13303746852163867	0.1369052205988367	0.11954610879054617	0.1369974028653306
caree	0.20243500289083718	0.20409486652457237	0.23488798700884378	0.20183258469509532	0.20090539159870544
dialectics	0.18353054113335576	0.15330163025702878	0.17647665616824115	0.17139759878742433	0.15273670780267704
verna	0.1824723845128211	0.1448944283333085	0.1597179900528279	0.21203151505776166	0.16607442506912842
dykes	0.13436892973273537	0.13931133829438372	0.1219731243654721	0.16397917690596067	0.17208410045669909
vide	0.2289849280354227	0.21661829497527746	0.2116492762619923	0.1677299617828545	0.1697462424515404
courtliness	0.1545016609621697	0.1515429112044832	0.11335352635990753	0.09227418248052083	0.1263658085410438
flicks	0.17748815652122357	0.1832893216596941	0.13412898328784342	0.16843326126144187	0.2150838034893368
nullification	0.1503431766668591	0.16581206418160516	0.1269612208014212	0.14601731239540391	0.06621471809497086
sewerage	0.1347908186105054	0.17935460555944488	0.14648857050499783	0.1761858793325872	0.14981720001859658
mandible	0.10052415950550068	0.18162056403941151	0.15472580012371034	0.179182703081871	0.2484650822353487
etre	0.1304183695239723	0.15349213042913537	0.1462982597128798	0.1394326988532035	0.09582459331996898
befuddlement	0.1248710964544889	0.13011982283924578	0.058809816425280936	0.16565887141712393	0.13264371066840477
dermatology	0.12862423122432914	0.15410194858033657	0.1994529962659367	0.20343063339104958	0.18296146127279686
proudest	0.2040831090305014	0.10372872669020577	0.19975447876711655	0.07523640197662079	0.1487668970696032
lyrically	0.21701703515732823	0.18227206270904206	0.24240704979977656	0.2672714186505291	0.215852730780895
cannibalistic	0.19095898243434123	0.21262981556073982	0.17498853720493326	0.17258923006869384	0.21882101772691787
vanishing	0.15350302429750398	0.22801963231386024	0.18233711658633645	0.18455260085374672	0.1872729501236794
adjudication	0.160837776733429	0.14527429380699727	0.15649040042906176	0.1686932559551751	0.1349850310474249
quinine	0.15931219962642554	0.1348297485434116	0.15728723778142517	0.15431833156110583	0.1792761189580756
hallucinogen	0.16633856357559626	0.15280665248509415	0.1562057624411911	0.19340551087567462	0.13679566660568054
interests	0.17356728169343286	0.20803521612934342	0.23240828475663733	0.23456612038680305	0.16801283588557794
ferent	0.21547199334115372	0.22158763966994224	0.2130173009410984	0.17084002375313198	0.12699268378622894
remak	0.24670106255113022	0.2295263145709544	0.21839746047989475	0.23759030982880514	0.2526070501215708
watchword	0.15699921565615943	0.19945139869032624	0.1785563003239817	0.18688371646683744	0.11696554201112219
enfranchise	0.19413821637496598	0.22923198561112368	0.23312344681772923	0.09924573652184732	0.15603953064380702
linguine	0.04843540110508432	0.09971957658450821	0.14334507458733262	0.1917113184338013	0.16937956540825616
unbounded	0.2718634144187579	0.26607765731124494	0.2719714011735722	0.2606866564461832	0.2223939093582569
riven	0.30178554300066635	0.2772766788742856	0.23408810193103213	0.28567250147115736	0.295386761072293
logbook	0.15858892482213413	0.11523540317499675	0.14335752426333567	0.15486463869180667	0.18792520117594735
isay	0.20171307251307424	0.034993483816081083	0.1173454685614967	0.12126712943536683	0.16772853335919305
internationalization	0.13977707859624997	0.1281705891090459	0.12411629022273189	0.1347099629449221	0.14666334933047456
glace	0.22839790188120332	0.17495289287227714	0.10167913344864765	0.16190364079956507	0.11464576796500366
dicks	0.16399917298332928	0.16658132115215019	0.19165112651464	0.18253302620625061	0.2078520987654232
cotillion	0.1812684358258906	0.14249371621566076	0.1938120155131098	0.18242806959418575	0.1138235580610677
erhard	0.1833207571024239	0.18783890138060327	0.20527349156801394	0.14666428992665742	0.13006532134373863
harland	0.17109781931000864	0.11445593830762786	0.19201224289249347	0.21765170864605898	0.28507204792681484
tapper	0.2670456610664131	0.21629365533520983	0.2201566886385679	0.2333691412699971	0.1707604106912137
depet	0.1759303119303883	0.14941810892235516	0.11531135796816187	0.12549046345211343	0.1291003529551166
circumspection	0.17170464434536475	0.20110323082772255	0.2238318127990988	0.06655804994455083	0.12335011398690177
whimsically	0.277177601577017	0.29937740832334614	0.2963240494776113	0.2790473336805917	0.1581560400589861
schnauzer	0.11399608545283131	0.17337250136033971	0.17919855664859735	0.1712405196853989	0.19641153756984608
paterno	0.14887493550129127	0.15776163601883994	0.20919202956045244	0.19245964321705236	0.2289683918412854
ooooh	0.04926690319044619	0.07360443503288927	0.09242176544832069	0.11112909698663472	0.14669568463328295
663	0.162135949933068	0.24454139572441197	0.2897808164419518	0.23688833535661566	0.24337300970858947
org	0.09773020705743117	0.12074799234543798	0.1422378856908207	0.10521770365257455	0.20416444452537932
nudie	0.15440377069825023	0.2117213193600425	0.07577816328413589	0.14350455800055795	0.17561231302023375
mocks	0.1970051683296658	0.16172657763546225	0.19339544915411833	0.1880771570775887	0.18827732108551762
yoruba	0.21986231358535802	0.20023652401319691	0.22442400045605412	0.18187987775645037	0.1926242205235673
antiestablishment	0.1664993094005883	0.17748022354509577	0.23153061841120337	0.09606691788278765	0.19883021915807678
firebomb	0.20789280945541122	0.1989508428310818	0.19456966603810216	0.2388839337314804	0.24174143682525945
sleeved	0.11941087101787451	0.1040161620616277	0.057058901793498984	0.08822025745398576	0.11103027324521209
peachtree	0.09191430054218301	0.1448846844286759	0.1931971415795231	0.20563141774791194	0.20094376679583056
laxity	0.18911982057992907	0.18093359319094024	0.1723896184694651	0.09304581171853366	0.13121158590392018
exbe	0.15873706625248538	0.17568404300305102	0.17750542742168054	0.17152590981820662	0.1809873900216432
rhone	0.17593126248893215	0.1990528402655262	0.22414694783106867	0.2440257186208412	0.263867906998802
concisely	0.2722440080239319	0.24017422213344286	0.24723164303198422	0.23953752304873435	0.21222310213995624
glamorize	0.21805161394748	0.2130060070509891	0.2631889685610811	0.25453968652781717	0.19630332629962877
laudanum	0.1327486491155049	0.14182681373556102	0.16268326440258976	0.16768218377899283	0.1746728992503177
crankshaft	0.13179638516857062	0.18086571948838298	0.16873602221625913	0.1643345899400142	0.17352729473268783
undergrad	0.144091705638643	0.19461567326262375	0.1708001746403128	0.1852131448698185	0.24347124496201367
codpiece	0.12605046911043766	0.03850284874373616	0.11358801260376789	0.1324451151910394	0.16958481345469748
overrul	0.14570540022971756	0.1884500901922168	0.18201195861716474	0.16905793770943917	0.11931392501717726
abyssinian	0.22770541851368664	0.15576937021812362	0.12586874405267523	0.24261387267963766	0.18337990440198984
lefthand	0.22056374154983946	0.225655216276069	0.24688559636938937	0.24499366104849749	0.246255688077421
riparian	0.20390105247901943	0.1694950295639408	0.18573978791177084	0.2655432120582656	0.2470242206107726
mayfair	0.27521872776827994	0.24435134623182056	0.26109373441811573	0.21747698761146028	0.27763695973982
entreate	0.21062061113151853	0.19968227896809582	0.2239715586986078	0.20138888388433768	0.17660275270234868
aerie	0.19074134019190042	0.19701525637647846	0.21086432321591153	0.18900872049343206	0.1676782747057939
cutaway	0.2375654642946501	0.23770317922583054	0.2596241726061564	0.24200962352262517	0.24433275177989525
giggly	0.21006002591614326	0.23830233963820743	0.2241830125687264	0.24020514390114647	0.2402896136146388
astuteness	0.1744843213067143	0.14914474005291373	0.13461322324646538	0.17704796147192223	0.11752679638354935
cannot	0.2846328713397971	0.22469699316601435	0.2414622542692772	0.21316582580464438	0.1005307279248665
permian	0.1828990343127022	0.13318635794959982	0.150964576327848	0.2615995867937639	0.1975559681799647
cheapen	0.23198637070632813	0.23369940143029033	0.22718336256051747	0.2372036306826535	0.21063569426386203
opene	0.2270623349172586	0.25007154299122686	0.22704976003526195	0.25694893262342283	0.23359350120611413
thorazine	0.15986755875709985	0.18244404190313485	0.17091713482001986	0.22527405406362366	0.1915758833380826
rickie	0.20430226070368573	0.03922029664665694	0.18501829351612797	0.14276638652652926	0.20710547024122508
equidistant	0.22674634227013898	0.2367809539764625	0.217869101295912	0.07304097343621746	0.25562911163707663
eridani	0.118347369343533	0.10557870516401399	0.12777867194667117	0.16343310978583048	0.13372528279145265
pusan	0.161417935388607	0.22053421143721227	0.21773636565996213	0.0713001134788695	0.07423571393966433
vesuvius	0.1545339534822942	0.16835414017270756	0.09056036911800008	0.17918174509323453	0.08992982863045818
pinup	0.23292422766169457	0.2539594690335037	0.20349132948342516	0.2279032797296679	0.2143122170776779
easiness	0.1467033932702688	0.10072826498306546	0.13470151762288904	0.1565512432018083	0.14849199251390766
logjam	0.18025024017045804	0.21400323970564541	0.2515079895088034	0.19587681470076035	0.22357056825632898
fet	0.20195229135890924	0.227699747628955	0.24884522283726057	0.2674146901798181	0.16197433003634862
mcgeorge	0.1178190599004194	0.13035546847947063	0.10814738062095697	0.14068745247978726	0.13532898879843855
shopgirl	0.182536570808909	0.15814174675231812	0.17575507863043663	0.14761706847833977	0.16073786588641104
shellac	0.1266230576387002	0.13834235013931748	0.05835650237600039	0.1702125766856027	0.11157955075095863
pitchman	0.1929311864207378	0.17757725350447431	0.24656825736172358	0.1755300331243894	0.15982508646493912
radioman	0.18154840461056512	0.1255630189375059	0.15942462839615112	0.18618028470451722	0.1915346904851933
candi	0.20876928387798335	0.23350715439401593	0.2750505772443625	0.21949066774327902	0.2179515119420759
yorkville	0.21409570733073505	0.1414221989048715	0.2074105949568835	0.20833495686177886	0.1364924585356988
004	0.20215036253867094	0.1809876350415294	0.16658403037194067	0.2134378106590287	0.17642030726620472
averted	0.19492824649202264	0.2004139472235604	0.19395329432612346	0.23079770773352754	0.19170933150994224
pullet	0.22182312646870472	0.19416004670100295	0.1993778670363433	0.15308428263916612	0.07311459213058986
nipper	0.16653284556958706	0.20184821218176313	0.2459794135799103	0.2715378585333971	0.25138945238446675
foreshorten	0.26962844442144	0.27861332259073923	0.27785026254781703	0.2034079502576293	0.2754458913697931
dejected	0.23526264323441332	0.20299450212418566	0.2340228923035135	0.23389830502095307	0.20926696014255325
clothespin	0.17084685535164018	0.1599328351358091	0.15347486575808442	0.17104273958073174	0.095952796971785
jackhammer	0.18977406087829252	0.17631271903532386	0.2716436745579277	0.19842993377822776	0.22682593785671917
quivering	0.23972939959755443	0.2112375349396273	0.13463858660667719	0.22162285086520336	0.18636030428048564
ammon	0.2407513502736988	0.2043517806567303	0.15423079806234855	0.19357013818178323	0.19480899056631149
dishevell	0.21686064642682137	0.19796752381973243	0.18121401069508736	0.20269443497094666	0.16313477155567224
godiva	0.14295852228147293	0.07419476221622795	0.14960558336528068	0.20545704719044222	0.13193711867606758
repudiat	0.1660909632083246	0.1623254147071493	0.10140581529319403	0.14803437774950648	0.10390592975434043
nashua	0.20055289622453748	0.1812939408310993	0.21225852376165952	0.18329535495743227	0.18153752071805646
gratuitously	0.2958822306452104	0.26501274924465373	0.283301254015844	0.18723570580356053	0.20221029135012047
modesto	0.198545464105903	0.12291863466507406	0.1584677474895252	0.259950047712085	0.23279524001580856
disconnection	0.08389190669471663	0.1756780325501699	0.15391041710386194	0.1762786304950137	0.18590117119779975
glens	0.17597158931158133	0.15008376598993559	0.1965598059305347	0.15341857394128403	0.18006060352659226
beatifically	0.09929911265874299	0.16510581069380903	0.09525703224599424	0.15472786737391606	0.1500600250995267
sharpening	0.1299768808402193	0.17992710793547703	0.12927572705880483	0.1652761221246703	0.1395327822423778
handwoven	0.1133420973768397	0.14033899676577638	0.18557024516977239	0.14259736295570347	0.16829193943565188
mistah	0.12059707955675651	0.07504291704557779	0.10345363205894322	0.02894153402682559	0.13020024085321952
compan	0.2321563264042774	0.2623355844044103	0.23559584114788334	0.17315204447212118	0.17656423071703797
johan	0.12875861900669322	0.11365264301426004	0.18232931980128786	0.19741224569352184	0.23246648699523303
montpelier	0.12225611565670891	0.08554685572462567	0.22089256752140823	0.15341946057032696	0.14847406905106783
earthwork	0.21405141565044336	0.17224692666086566	0.16493241154244692	0.21425514823533412	0.17677944247595773
strove	0.17393206066555691	0.17927728985485625	0.16803561575295478	0.17305523603712553	0.15430885027461952
lewisburg	0.1313414791833337	0.1531929367077186	0.17387577094811846	0.1485630698565072	0.12466900890335253
astral	0.1997342922579158	0.222956403581975	0.19237034352029098	0.1932441280741654	0.19254660457901457
weis	0.2162819081862548	0.10846926030688003	0.2161339768545078	0.15293172810071223	0.1951805983512153
ganglium	0.17200802163747714	0.19723550145833146	0.1573550720699418	0.15336759432102637	0.13368076603759016
vellum	0.15286415755978824	0.185270205870092	0.1459531763793643	0.13712304140311957	0.17224897280455184
inaccurately	0.21278948461839658	0.2564315464542541	0.24061661744379936	0.1502297415557157	0.2174968847114807
genuineness	0.1782184541336919	0.16240865727720666	0.1200759195346713	0.1494338358356561	0.11211305071923854
millennia	0.18734596995352124	0.18885162874124903	0.18834932402544377	0.2942660976419848	0.2486183111463636
mfg	0.10601419328210054	0.11741995442886345	0.20862761261820695	0.10683256136911475	0.1213077418189287
waycross	0.0741384385916195	0.07968120364038189	0.08612131765378778	0.06799327781298731	0.20805459196867795
billowy	0.07118095047406325	0.2536123998414765	0.1923860563186311	0.2640346157934812	0.24143170947154058
wheels	0.15096198617426157	0.15718060948161391	0.17270111498170784	0.18519200965430768	0.16536798610974243
querulously	0.15112131966328146	0.18925613295109514	0.15395643354682356	0.08205650759436	0.14724861311759438
tf	0.22682056813764656	0.26784388929445085	0.22952287451768566	0.1618574882018774	0.22691386881770895
lagos	0.16355029439682786	0.2507595269394084	0.18520979778523405	0.19281789926689538	0.19485941222521078
cesium	0.08099571643519093	0.1291119443072593	0.12602868756828742	0.09423531907669785	0.11913137217396505
hotelier	0.20128932657908075	0.08512722170891196	0.19749777907218513	0.2295604826053618	0.13281716687892064
battering	0.19392853596295745	0.22810576506002303	0.19821063467092923	0.2031810102896467	0.24320668283212013
metalworker	0.21361122771589647	0.18206947725097872	0.2305098269225608	0.18408292122644118	0.171069779068872
harmonics	0.11817268530455856	0.16542997915484506	0.1603353517139615	0.17357131791933617	0.14814482614388358
anheuser	0.13303853149231554	0.1074156702879943	0.14537731223987235	0.1655546906592538	0.1410719917440343
constants	0.1685989335801459	0.1092652650291534	0.16977844434899603	0.15505906007966722	0.16475315422873169
858	0.23196538604715072	0.2373252435723349	0.20694717640759186	0.24202756106420967	0.16367892085718155
abou	0.19664393311693526	0.30009931241708154	0.3048984146918219	0.1989553560474416	0.17882734581041385
embezzle	0.16774920374324234	0.1892617224922949	0.12563645600583634	0.15742502897545846	0.15730395961638863
joviality	0.14545766141072214	0.13347669228826337	0.1415227893601817	0.14740772336858202	0.14509534874549582
galahad	0.15281797706175115	0.20902535887805535	0.14215092548134436	0.09438577496857253	0.1419765119107563
fallback	0.19005352900400402	0.1665674052015046	0.20915245230104057	0.21593624497786576	0.20812362862242662
patrimony	0.20991331338481115	0.19794666439506958	0.1808246853622816	0.16917380064059104	0.20828624665131115
buoyantly	0.2950467586953902	0.13691361099461916	0.26343680480989023	0.1692387209394024	0.24324821322097115
mannheim	0.18734851469425182	0.22781573447241835	0.2415397312382621	0.21235477523355878	0.138539332165936
voluptuary	0.17506417441314043	0.12178333545010145	0.16390794180948312	0.131092998136885	0.1592980304106734
memphe	0.19452165056827292	0.12963925258281023	0.18919009823510552	0.11497184288560759	0.14873212050342965
lipscomb	0.1764366384313923	0.18535436440542327	0.19734515740101144	0.19867521847945036	0.08827775139405149
hg	0.18291934062363233	0.1837775859633993	0.15737793895139882	0.17370091817404826	0.1371248895780871
ventriloquist	0.1661921009475009	0.15480252398620625	0.2049815174577313	0.17862943236926151	0.18022171054486094
maddening	0.19034969991447875	0.19498924959154276	0.25993626575052914	0.13022057377484791	0.1532503447453838
establishe	0.15017673227555656	0.18077220139075093	0.17469856376495577	0.19100818777937356	0.1973458584045409
paparazzi	0.17451751088365755	0.14621575366925596	0.19740814142099186	0.2054083763304789	0.20715278666578116
crumbling	0.1380148039068517	0.17882584831172105	0.10266482150015577	0.10598638436553426	0.14170551489462796
chteau	0.08808467695507889	0.10851577297115873	0.051316248026153755	0.04797740764724728	0.15549762722600333
coitus	0.18914608885140416	0.18451312568278674	0.18281185007588308	0.15652282503372486	0.17344241207681452
chanting	0.103290941706725	0.14620312513491737	0.15778903217541754	0.1364030504122492	0.094441454060609
grist	0.21880863860621627	0.2769985490614358	0.25112586669269343	0.20194252512853306	0.24201212498896915
borderland	0.19470047087980208	0.1211097533343655	0.1598528580436575	0.15951016853168293	0.20935729351461868
toed	0.2124184895638465	0.1601745308784402	0.1701884477838141	0.23380112892555618	0.19207535706739526
procrastinat	0.08470928977733932	0.20988311245761399	0.16455620820857883	0.17055897418594887	0.16959414061556852
hellenism	0.1483629133225431	0.10819167922087802	0.08325823437051605	0.10949221936116615	0.15743913498616285
unerringly	0.29687262582064766	0.29745818173991095	0.24871056448047998	0.283689374063749	0.2826010994226917
snazzy	0.22901366720272773	0.22045330919054543	0.26980844455398656	0.2817751630248147	0.27559054685976075
playact	0.13983476185483812	0.2097454277402862	0.1729363139764256	0.08419429791297695	0.22804675484515025
compartmentalize	0.21202080081459407	0.2601595623738865	0.27021169397666933	0.27414479688837157	0.25410279398555585
hazily	0.25694759879789747	0.26548853647146536	0.26305528853493804	0.1246253342197264	0.1251262890015356
rouged	0.14016754263649464	0.22001053061517326	0.1235904217393931	0.20442104029669336	0.19455559345756726
scuffl	0.16901425849661472	0.16170249848364007	0.1602730213490443	0.1807247497325858	0.17017063891358394
sparkly	0.11419719530624406	0.22889064619028934	0.24148594000625562	0.2913004428160916	0.30653845974642
flotation	0.1973371252486351	0.08896072764958446	0.21227461503709258	0.22401200595551835	0.23083333206700365
breadline	0.19412264451270014	0.1714635688326167	0.1698044071017443	0.10866884605918753	0.17079093778349957
cert	0.17657308504508631	0.1969769826849191	0.12794333076576087	0.04932974843755759	0.18290078700087736
mump	0.247415551729971	0.1998294239451038	0.19538640328065413	0.21842538460534466	0.2165854468904171
848	0.21056766972072072	0.25004742220891574	0.2722618184197379	0.2293558431865165	0.16392581850689678
avocation	0.15862646117775595	0.19494092678190073	0.19448036107708433	0.18820218604437997	0.17244734882042784
grudgingly	0.13720601470253913	0.14051592124200118	0.13535243190141225	0.04669338097851505	0.1445567982833198
adoringly	0.14664589894585237	0.20588347947836283	0.17288946111064316	0.17445420830577021	0.19609870357662273
knell	0.1852924019559746	0.15736865608573317	0.15320799858562553	0.14970026029188324	0.14054112475752054
cartload	0.15037057328395542	0.15790754252030603	0.12223480838215028	0.11674375776411339	0.13014474903172873
angelenos	0.14745607838469701	0.1641327671868143	0.13563973393651643	0.15240261111054082	0.14399197090589597
pomme	0.12144357116863724	0.12481327154597543	0.12849048873903146	0.15026212502497	0.08005079956356516
unmoved	0.24098158395390926	0.22185183440453699	0.14120807020892448	0.07948787258395507	0.1504324419223435
hardle	0.22067555870616484	0.23547818298459608	0.2636176798578521	0.21174879394311777	0.18607228947939838
schaumburg	0.05208763915969483	0.2188444280504729	0.17182914957831583	0.19511499304762261	0.21826527774624208
sauterne	0.15696043775875412	0.07170882321912797	0.13630845991864018	0.07907046600984569	0.07328999050992341
waiting	0.18323628660014457	0.15453437564871245	0.19981437278775127	0.17004859865125857	0.17609480398746513
montparnasse	0.1561561556305164	0.13953349025518397	0.13744465472811504	0.1446189941767179	0.08149784453213227
attentions	0.0864941292502308	0.1304884276104341	0.10583495084150348	0.13097209824851092	0.12461649199721662
dabbl	0.20268190376533252	0.20166477352286513	0.18677506857111284	0.15614054697482968	0.1646681234334503
erodes	0.12701709364822744	0.17419011909172596	0.16208211935150182	0.16712448401894128	0.13480124570668908
015	0.2247102556989396	0.24270417332419614	0.153737437094123	0.15377251297426875	0.22354085073624524
universally	0.22175197309874364	0.20789180563097787	0.2201184879506428	0.19291484918962373	0.20803058641847205
romulus	0.18078144869705565	0.12718491099890428	0.15331038869039584	0.20950862580989663	0.18212596043438642
confi	0.1755397520153095	0.13839746202919329	0.1596714295447797	0.10792282639346289	0.16756445450499025
premix	0.059570587857099344	0.12857820173675297	0.12233855418397471	0.18882020794329252	0.1473535876293476
rouen	0.19423887612186552	0.229739513613599	0.18382603038804382	0.17089415796376617	0.14693964920320612
paraphernalia	0.20995056407336096	0.22049850783812744	0.21879005514803146	0.25278866992859667	0.10546819822234615
antediluvian	0.23647132172620058	0.23041176632237698	0.16766905950265318	0.1790807247275758	0.2386351789961153
supercharged	0.17339271675668805	0.17251602697547533	0.1961526588336938	0.10290895800056876	0.20517590061941107
imposter	0.12656642566988294	0.12215402375341598	0.12619034773544863	0.1354601128652795	0.15605932588371457
reportedly	0.30905610758708063	0.30277539138901693	0.2054070709917672	0.22033026822393847	0.3172532886016888
malinger	0.21371843299194168	0.17899961292205196	0.08324695213526273	0.081229010836594	0.19636402695179236
merrier	0.013372509057074933	0.1323879572345956	0.08862048629416036	0.09370232773229245	0.11582783951313709
slumped	0.16963304591957912	0.2335904923352543	0.16319842285613534	0.1965042785864645	0.2045218527901059
discreditable	0.27038909959591584	0.18556956117139406	0.1824726272333927	0.14477410985988742	0.22850750754074708
eckhardt	0.17381064017823092	0.24579724899800942	0.2446011455886877	0.09399795665873378	0.2582272060545524
exhumation	0.1768717143408573	0.15080467292867722	0.139112069491871	0.09699218071248525	0.16183724953957276
pollinate	0.1954946099477489	0.15952248966861926	0.1881657409723038	0.14945511900757347	0.20782116508866935
ahhhh	0.10235894883826101	0.09819557492753914	0.11969791058695128	0.11386284832488604	0.17719660159337872
prentiss	0.19293412149221562	0.09822917855171054	0.2515344078150606	0.23179628077677172	0.20891100271850008
jehoshaphat	0.13581076645225978	0.12388588548039609	0.09532621631253793	0.18463544589918232	0.11944329700751544
tallie	0.12361406833016791	0.17765641712493518	0.1859327817676044	0.2014628760526908	0.20731852361554196
youthfulness	0.16761546107542394	0.13149507956049242	0.17431840710867072	0.0941913477765676	0.16699118472267102
porky	0.2160511113976483	0.1916983248179847	0.23881881813627434	0.11125916066524011	0.23536913915575672
comme	0.12207531711368823	0.12416338069627687	0.1305474385498389	0.17247229311293363	0.1461658351003905
flourished	0.1895095336989363	0.18110453534389767	0.16689970443663824	0.24399657723371834	0.11075637458896181
hollowness	0.1676507276561261	0.1772966150919523	0.1681972811769433	0.15416455889899314	0.1747008407678183
45.5	0.1875617775988591	0.11309050132011911	0.09553761290890245	0.2049834306552783	0.2627281745939265
hayfield	0.19345967249363014	0.20066609074841357	0.22591311928032634	0.2109191869604185	0.1815483363046216
rumi	0.17690266018437883	0.2506908449325231	0.1664705281992428	0.19970454181562308	0.2591479575037744
punctuality	0.18797618297558785	0.187894460842057	0.17851168076099405	0.16570893961722127	0.1790250023039336
2.65	0.17996980769724272	0.15873473097254057	0.06536607682603168	0.1955936524782197	0.2331068563711817
multiplie	0.1943883097645722	0.13809784605207384	0.19292255571388575	0.17288696245323865	0.19770130313121023
gorgon	0.21858812587506887	0.21773902560307112	0.2337605693719308	0.2397091419650499	0.18988151654786822
dooryard	0.15161806180728263	0.1805266876421637	0.16655521486686226	0.12462323051902731	0.13278802060495667
sone	0.30115015377377985	0.20848792284306497	0.22579206645804772	0.062284506689219254	0.2570580648360526
cemeteries	0.16523918768614254	0.17441142654079678	0.1670493081031542	0.15365173224677628	0.15371413037649928
jangling	0.07556246752096918	0.12957949794252702	0.05995509054860798	0.06457676368638471	0.044575588857292125
deadhead	0.21062873234322668	0.1716316408558731	0.20709324873966936	0.2405905171711565	0.23525242284178427
inna	0.19019979891384584	0.10414706461556678	0.23442154096476975	0.18189708351563774	0.24360288301197416
reveals	0.1301630458885914	0.16681166980527182	0.24059178921628224	0.21916779926602162	0.22478722481283447
cushiony	0.23100193182727433	0.19735880410419485	0.21470607883636436	0.2042606298677879	0.16484443832876333
tithes	0.2669127877924286	0.2170507843230904	0.22476131366257754	0.19764640086860058	0.17971193965540128
grossness	0.1908372373531651	0.19941600800815734	0.18660356448862805	0.17356197772805168	0.0902234285141591
dewar	0.25783344533902824	0.26613129203226343	0.24699470861339856	0.173757527278685	0.2074453836118718
1689	0.09300827626323252	0.1344220222749371	0.09184730879449371	0.1660152659181063	0.2330875019877192
disgracefully	0.19995555749651772	0.24972574790781463	0.26739582008634605	0.1789676685824569	0.17826638325618122
thu	0.19824509121332284	0.17891299056573154	0.120329121294329	0.13465341730919766	0.13042520186985496
objectively	0.2810560810929763	0.22972441246126468	0.2562542549494432	0.25539618284004156	0.2708538326358152
aflutter	0.17936256443741452	0.13235086514729114	0.166049907664182	0.19081759699832915	0.19221855847043626
klieg	0.14972396106589184	0.18294210792116383	0.1397333234908393	0.17163620015380213	0.18071069193978717
squalle	0.18657893868628364	0.18592775775716716	0.2652700867284046	0.11404709592990037	0.1822255500483706
pulling	0.2338426209821144	0.24784061930346318	0.2298933559093174	0.2255284344799134	0.2131412572914807
suburbia	0.1645364976838945	0.06410779593352461	0.12636896753252197	0.13765006491797535	0.16300960109465595
conor	0.1770699428342142	0.24340197411049455	0.1988656015693732	0.18042863073508955	0.27118389916841146
incompletely	0.26227644083921786	0.2530700247398774	0.2931996523499046	0.2238921954252135	0.2697853353737451
blasting	0.19254148623107806	0.1879669291368902	0.20840368715466062	0.17906772641729005	0.19713374135908265
bole	0.2941565678176525	0.22408183586112837	0.20703290617339265	0.15459049497970934	0.2173806155684635
aways	0.11914900570892678	0.17190604698728099	0.13354438355089396	0.13063989887041472	0.08022746132853897
stereotyp	0.12239094361970151	0.16472686996370756	0.15811952683918612	0.1606910049019345	0.13271270893649242
coaxing	0.1688708096501939	0.18476821788189707	0.18849410368428113	0.12093860482377122	0.18271046827098328
owlish	0.26645053983690953	0.25048050904360986	0.2653989408806303	0.21515461509951725	0.24567902957405066
ducat	0.20943703532438446	0.14633304356008855	0.19075335732317522	0.18848007660363733	0.16266939827694643
1564	0.15673095024368666	0.16036178685287863	0.11881321836989278	0.14640196521757717	0.2070360726415655
shen	0.22635912073549408	0.259090924264591	0.1848330711383963	0.24099192947491055	0.21896408482529703
husbands	0.1624182166612778	0.14992469520674012	0.17881090001939157	0.14286117571700258	0.13919565264322287
misdirection	0.129914197528267	0.21444954752072334	0.22392931744627365	0.17996887211645587	0.19221661954826202
ohm	0.13781692790266725	0.228720676161719	0.20686802180533864	0.1925936046566041	0.15307949491819162
viaduct	0.18729945894460612	0.2008572232247144	0.15795311948384633	0.16119614377212088	0.16105545221068815
whiny	0.20004248046436693	0.2232540534539887	0.22937776455965025	0.26150028142614434	0.2627870047053213
rosebush	0.1446255777076499	0.16767456305193887	0.18544158438517716	0.19428657605476085	0.1719272737982337
marciano	0.14301391230437782	0.1631006149518877	0.1760128223954471	0.19740996077445014	0.20679941287733397
reinvigorate	0.2621085677825896	0.226297055603808	0.20540132655472915	0.29278547718356795	0.2550105759754863
1529	0.1697492683123907	0.13331640087726138	0.10571798731878472	0.10612636306038997	0.17662945693553037
agglomeration	0.12132385237384058	0.1703803850773539	0.19845933759793818	0.12269114697437833	0.12239877745604838
demarcate	0.23474363774582666	0.252201703160501	0.25775139933013186	0.2504301246088753	0.26101264712576716
belleville	0.17146010785060017	0.2028713581008258	0.15798819999762106	0.08112653724656001	0.17687608371357408
xylophone	0.17073225152481517	0.13990675579287268	0.1490988008004488	0.1418866794022504	0.11362180873236992
reformatory	0.17840791815500262	0.21551024888120363	0.19294871141260286	0.12550039130400764	0.1464697426671797
sublet	0.24454276798869873	0.24790763160762297	0.25941898795739377	0.24987260130860636	0.24850258951249957
culligan	0.19256677068339234	0.2110249492984747	0.18951292245015808	0.1708837284887217	0.07873029490851302
revo	0.12654064046861466	0.08987075665149985	0.12384740900092692	0.15818621875796762	0.12098446320943473
uhm	0.12971451665961206	0.16218892484830297	0.13646102450532874	0.22855808375869546	0.20241680903963807
emu	0.11262432043228437	0.20191096203850872	0.1568150129781955	0.24422216270013525	0.24225044632248222
behaviorist	0.0937677693420329	0.21219421408634118	0.21084406889244084	0.18320356717948136	0.2080128886389907
mafiosi	0.21304590478197757	0.21455669131428168	0.18125374899390614	0.21954470335646853	0.1763334568467949
cw	0.10283144686982015	0.184435124983801	0.2131248697532989	0.2567171996920163	0.2374075184113422
cide	0.19493108581456967	0.2127209007050131	0.15111691341733846	0.1566063665861752	0.17237980023692864
thoroughgo	0.285972693487857	0.275466094622558	0.24978866508660827	0.2340932016600524	0.14902694688745124
ballistics	0.204683441585615	0.18666861334263568	0.1805891097722289	0.11855560490494854	0.18257963160931423
853	0.2608240322986595	0.1281195074923852	0.22856000845597846	0.200608213026258	0.26678312866166287
stillborn	0.27962379830891726	0.24020361590561007	0.2442566690225369	0.22199586621566203	0.24074952106955708
fictive	0.07810981786977894	0.19607909393369494	0.24484895255001013	0.258057808869713	0.2294042600919708
survivors	0.08690391437565415	0.13555405428300696	0.030848051705662793	0.02858461393527602	0.04474752592137314
distinctiveness	0.11734026387276397	0.1687242557109916	0.17527677287238147	0.19741034956428027	0.18762753127715745
verbena	0.1361261662906215	0.14735288416399994	0.09285164200017326	0.18637263182690444	0.2255653424531156
concertgoer	0.1363031071655112	0.09925522866321979	0.14819099123106463	0.19404455278949684	0.18437638182648708
flashing	0.14336349514518876	0.19992781031088813	0.10121425147800173	0.19271197661923953	0.18283801821714274
quantifiable	0.21750180701706437	0.24199309734287705	0.2547426627810381	0.24422331164596342	0.238092767186931
constrictor	0.09001107287689125	0.17553558536300307	0.17228763832590666	0.15398605090502634	0.1403210212561581
soape	0.10550359099291577	0.18837609224284327	0.21219202228383274	0.2430237909979199	0.16268857397221595
virtuously	0.17700275332871454	0.2271027130496744	0.223775740998254	0.2255493249549799	0.2724997430179695
befoule	0.2390518529365404	0.20660656244194908	0.20478306185941633	0.26338130748913346	0.22546011812275957
disbelievingly	0.1286064622118306	0.17142158111633088	0.07537065528325353	0.128774924580808	0.13996334718507714
irreverence	0.16067947470759256	0.1426544067557282	0.16614820455080662	0.19240479156440204	0.16829780171869255
springe	0.2553628942566539	0.21794324848636193	0.1839543629758114	0.23674570690621138	0.15731890368176604
lilian	0.15074133634557507	0.16169653599629502	0.16630720772930987	0.17933558615859232	0.25345119559327745
fuch	0.14007015547369	0.22250618632144095	0.24164735180026461	0.23844782131591635	0.25360283952124907
shovele	0.17138719731007634	0.13218866775661534	0.18929147470116367	0.1502384675779985	0.2143472296093495
manichean	0.16559663684606665	0.15247511506670122	0.11449237090828251	0.14763639751906166	0.1741733355900573
exhibitionism	0.19354870443604502	0.1530910474635939	0.16364177275560043	0.19827315403529217	0.11386146684766135
intermingling	0.10460460492735224	0.17152192339305464	0.12020470787970532	0.10729635734913234	0.12051256077208816
913	0.21707495708936367	0.2627011150119882	0.20739586002026097	0.2728337877561094	0.20160090164280106
