treat	 0.18638984198932493
thirty	 0.1552685531048628
flat	 0.24889194336385823
sleep	 0.1528992518536152
count	 0.18629312111829452
bank	 0.18118080280196164
shift	 0.20978093919402194
pretty	 0.17537414167302973
occur	 0.11923605334386116
nod	 0.09160198404324921
small	 0.19668267110743812
reduce	 0.17740068024354133
admit	 0.1351463915005811
cold	 0.1850993903570201
instead	 0.17413590539389787
tall	 0.19985077867425688
save	 0.17900791630883894
base	 0.21633548171504763
respond	 0.13354896535010335
building	 0.13258182786430814
performance	 0.15247076092500994
kill	 0.15703692275807052
nice	 0.1937872289850102
fight	 0.16825943025646056
poor	 0.1851694507534272
clock	 0.14215450135103275
San	 0.11451849823981188
james	 0.1573439759295301
file	 0.2152704857914983
various	 0.2050893713939077
Soviet	 0.14379149488410212
fellow	 0.1525917560630789
color	 0.1726541818104226
live	 0.16828259236405405
justice	 0.17871646367514626
sure	 0.13917032180201505
source	 0.16793095374792052
key	 0.19230527689937882
sign	 0.2184086186549807
neck	 0.12820078483930716
according	 0.10214046247318137
dark	 0.1851704190965425
course	 0.11342729756085058
authority	 0.14416667713799136
store	 0.15501671023357416
foreign	 0.1579675175995833
marriage	 0.15071365407757967
win	 0.14819855103311674
level	 0.16742684368138508
minister	 0.13845590037713318
plate	 0.1674953673764338
design	 0.19528795944359006
bar	 0.18467896128104722
model	 0.1941631489014425
circle	 0.18612114190534398
actual	 0.27680153094513194
lady	 0.1665624414085069
square	 0.19871298973232493
cause	 0.20731137894333102
music	 0.1824742654110139
section	 0.1714201463630012
perhaps	 0.18714337383120283
minute	 0.12410921013248181
trust	 0.22356853695068973
choose	 0.1555959580529563
leaf	 0.16602278487709987
activity	 0.13684540882322202
large	 0.21475676950580755
water	 0.14380602577640242
low	 0.23161748111391503
hate	 0.19178465825605423
States	 0.10761183229811383
camera	 0.1617777804415484
corner	 0.14289145465606579
quite	 0.19000150627942702
institution	 0.1340521787641695
fund	 0.12905830859304795
hang	 0.16776226622562437
different	 0.1809556465236363
blood	 0.1687331387316592
pound	 0.16885913126792712
particularly	 0.19778266597183747
insist	 0.10047859819788128
trade	 0.16264419743552125
warm	 0.2270036451608455
political	 0.15962717264661697
charge	 0.19982884497556191
fill	 0.1911898588610103
remain	 0.1690957088856777
dozen	 0.14000565889661232
Jack	 0.17531087842935086
problem	 0.1178955806053399
laugh	 0.11782461855992551
above	 0.1723227411765463
nation	 0.13087030841738476
Michael	 0.16135746975305143
draw	 0.202818656434668
college	 0.14787139081728484
txt	 0.068069786210911
labor	 0.14613117731694794
master	 0.20666893344530363
final	 0.2560787511870105
grow	 0.20212060927726608
church	 0.1514410248620038
table	 0.13166857156016976
position	 0.14639662967502634
empty	 0.2178475509913115
presence	 0.1627869227614356
sister	 0.1441641567857563
medium	 0.1831682492984113
conversation	 0.11611942337719298
bag	 0.14386367234602984
subject	 0.18848069094284595
top	 0.21527978678880763
chicago	 0.19256953255337803
crack	 0.21097434864243345
drive	 0.19156768479060562
side	 0.15149366794791722
therefore	 0.183872645360467
month	 0.12388414358247539
behind	 0.144175911171987
box	 0.1709274308737101
consider	 0.14535865013662116
telephone	 0.146385477490205
british	 0.17886498410153867
grand	 0.2209516331714426
disappear	 0.11789500994620797
crazy	 0.19478738211433927
seven	 0.20070445953372276
Johnson	 0.15188649473338198
rate	 0.14876822293796868
part	 0.17844187229247518
either	 0.2321018378939006
europe	 0.11596601379746577
inside	 0.18620186249506737
bond	 0.18627626440525957
score	 0.20983483895405777
common	 0.20086952623568427
finish	 0.20110105058703906
tend	 0.1434173072090694
smith	 0.17719160627529137
member	 0.14767306568635627
future	 0.18877238513206476
age	 0.18098658116517755
Nixon	 0.16536510207937788
vote	 0.1410826682296009
protect	 0.17505196572533133
ground	 0.16695122067943766
story	 0.13613218233425042
feed	 0.19446318110622535
situation	 0.12011201262750686
statement	 0.12178735791078656
bring	 0.16186279745931267
person	 0.14428905331274663
slow	 0.20308700744621105
unless	 0.10535699499433726
principle	 0.1431301756449025
sharp	 0.22459169673007812
population	 0.15359808085624202
fish	 0.18340843349702365
roll	 0.21193058821612165
lawyer	 0.1491556260269991
organization	 0.13892019614289933
next	 0.1950054774262913
beautiful	 0.19997966836757514
player	 0.14057316555595395
publish	 0.16731926831572674
career	 0.1373561129138252
series	 0.1423113615822493
western	 0.18940638869965487
weight	 0.17565502196657842
someone	 0.15859216042146335
conference	 0.10172754872912866
York	 0.12668212874920612
research	 0.15822251980348978
david	 0.17506540369079876
main	 0.18740657398581131
due	 0.21089113588555716
ability	 0.11734436558198039
club	 0.17100672430808697
along	 0.15772655767934599
chest	 0.12941892679945002
car	 0.14152863594439785
simple	 0.20183212336432185
author	 0.16874787155527357
risk	 0.19335490588502938
dog	 0.1740641350231395
knock	 0.16073890144041275
hundred	 0.15424429708777376
important	 0.19402664084926063
brain	 0.18765183194218316
hardly	 0.21707091440756837
mostly	 0.2428251173009541
school	 0.11897496053913813
thick	 0.19665004807899528
force	 0.18357118181102325
difficult	 0.14762540682681075
indicate	 0.15283535594546702
Sunday	 0.15646595197690882
alive	 0.13564543005848986
product	 0.14634848838064068
shake	 0.15950880867969577
boat	 0.15728478649604835
motion	 0.18132106854996893
town	 0.14144739719445024
rise	 0.19482648602753147
international	 0.18523749445118656
cast	 0.2387401919853881
steel	 0.1845941428978628
worker	 0.13367699843345068
baby	 0.1587087276100503
answer	 0.14677512269539378
suggest	 0.14310654559967084
book	 0.15071927687723283
struggle	 0.1583988413667843
district	 0.15923623105943124
road	 0.1328131532197365
secret	 0.20730759442604538
several	 0.20443152267161166
black	 0.21464842760525613
method	 0.1332969524115643
role	 0.13461098812972422
rapid	 0.2558321956669478
wild	 0.21117962900349513
north	 0.17317364451005135
dead	 0.20761676139589164
dollar	 0.12249994184765109
really	 0.23367716071510267
feeling	 0.11719833644178451
suit	 0.2086608346615605
strange	 0.2246844559356768
sweet	 0.200431706835276
introduce	 0.17908557347610854
learn	 0.12475262677268353
return	 0.15662736955897497
boston	 0.19361068424419633
contain	 0.16364706399905218
note	 0.19609088378534473
agreement	 0.10997952710361132
play	 0.18291131783023598
pocket	 0.11632636129064267
article	 0.13582055590091374
paper	 0.1677924347145797
danger	 0.13201882932691783
form	 0.24526169597716432
command	 0.20067326753798068
believe	 0.10603755277887827
teacher	 0.1406504764717555
post	 0.1887370604588598
address	 0.20303345040370016
sense	 0.1467902264669759
space	 0.15432938419561185
jump	 0.16976353833509344
speed	 0.18076202330821575
attention	 0.12636255144902064
yet	 0.20039611404385632
once	 0.18832607505826618
income	 0.128451720108596
however	 0.07716717455588314
technology	 0.11763124090231665
share	 0.22624218772303814
metal	 0.1506853850082511
addition	 0.101701354115307
without	 0.12249093025075726
respect	 0.16134507982053506
yes	 0.0645820606693539
recall	 0.1440105860913915
probably	 0.22863046569498024
shadow	 0.15614331548423316
support	 0.18836212880726377
kiss	 0.17389568792371068
likely	 0.13943273934014833
anyway	 0.11117332653046302
power	 0.15982926444082157
indeed	 0.17374257425112988
Republican	 0.14763955993240763
loud	 0.2014857859620669
food	 0.14376044224312218
Frank	 0.15158953441954812
free	 0.2437610590628109
harry	 0.1517479421621229
point	 0.19812269682407652
straight	 0.23373533082690942
breath	 0.14471409840442997
brother	 0.15277602930134876
war	 0.13814925451182358
experience	 0.16440503247191487
apart	 0.12479563555768115
china	 0.14958551775973147
weather	 0.16896084529636685
operation	 0.1434876304789426
stock	 0.16819739961327365
exactly	 0.21344567883696877
Carter	 0.18429366717268328
available	 0.15714026838144873
apparently	 0.23834188626543654
cut	 0.21569065235541576
onto	 0.1287042699476299
hurt	 0.16724686392063123
whisper	 0.1423762629830336
careful	 0.2311287593462839
conduct	 0.21610696793596287
nature	 0.17392226005041705
break	 0.18355092418783356
week	 0.13609531527815577
remove	 0.1911997521641235
stop	 0.14916605816437936
sell	 0.1542784820401997
newspaper	 0.16689433327891687
game	 0.14658369330443005
politics	 0.12417071065248257
big	 0.20487035755802757
yeah	 0.05892451522156037
weapon	 0.12979811385133666
hole	 0.15755743497967778
simply	 0.2336377360215669
decade	 0.12098127468455154
price	 0.1406994895258704
unit	 0.18011917234457234
except	 0.13593566534698764
present	 0.24091900412802203
climb	 0.1505630751382388
shout	 0.1446983931660345
wonder	 0.10953065140544578
every	 0.1831405963197128
dad	 0.18332278211562641
data	 0.14222399357987411
handle	 0.21530826968202194
bill	 0.1456087701622944
okay	 0.08664580751843158
wood	 0.1580520922355462
culture	 0.13891874113150113
battle	 0.17355074424845976
basic	 0.18248726736299695
london	 0.18492758378803215
settle	 0.17038326795777858
east	 0.18056650885151743
strong	 0.22185787811440583
physical	 0.15552581238763064
iron	 0.18671278660623045
mark	 0.26381442807159317
street	 0.11351797848806754
flight	 0.1730986605948456
thus	 0.18656041847388624
west	 0.19119362458417008
strike	 0.23026183182255658
silence	 0.12815825600890474
image	 0.16776841451333224
worth	 0.1739991927421797
civil	 0.137259973697508
wake	 0.17623718858777798
already	 0.2145138395313545
israel	 0.15984054944904622
george	 0.1356453785966731
sing	 0.1632364660968874
accept	 0.14675449838080903
third	 0.19238800509480306
site	 0.1646064235426767
somewhere	 0.13013115722540153
female	 0.1951629686365276
sex	 0.17253534824624567
figure	 0.21028527348395812
shock	 0.22069416215586704
shirt	 0.12396484237337264
goal	 0.15246950043754917
bone	 0.17276562587956282
project	 0.16598199284874543
special	 0.21850391077472278
affect	 0.16583896538994794
Richard	 0.13661441803287186
loss	 0.16513866983877865
angry	 0.20236800225905002
air	 0.1597299575149341
information	 0.12205162246637512
material	 0.14272907088846906
die	 0.14584622545099937
message	 0.1354874334205607
customer	 0.15333141563347927
afternoon	 0.10572515628683965
leg	 0.13379655330893253
crowd	 0.15879782570525786
percent	 0.10722171453522239
everybody	 0.15259314584083405
improve	 0.15615180590393715
fix	 0.2527309332028584
usually	 0.2476557798073643
boy	 0.15487284994088266
repeat	 0.166401836702418
wave	 0.22898278159558058
possibility	 0.11166607901215837
chair	 0.11557415153350274
business	 0.16247778133293583
teach	 0.20420008850494561
public	 0.17805843836469196
stare	 0.09955062672291624
June	 0.14748409180475452
enough	 0.13412422630273976
fresh	 0.2023879041132638
gold	 0.20036681542682572
exist	 0.18188150147819862
plant	 0.17716660221975744
student	 0.15337599302346036
word	 0.15001326743341456
shot	 0.14969085404310797
generation	 0.14671880409700153
safe	 0.19832799015220134
relation	 0.14801975417373175
behavior	 0.13141046392346717
leader	 0.12916645286997763
band	 0.19172616767225903
campaign	 0.13481945535311443
attempt	 0.12958304881073782
voice	 0.14707170196054484
marry	 0.14475577727602976
discover	 0.1352609200540219
heat	 0.17475032172739546
pick	 0.14940434094858354
reply	 0.1299448765983317
notice	 0.168271584453918
depend	 0.09884320874826336
film	 0.19148024243306117
hope	 0.1592101116548621
spot	 0.19054986610675936
glance	 0.12368704636817668
committee	 0.08975831251118503
management	 0.15725668811501042
estimate	 0.1786224544864196
husband	 0.1355208933209643
wish	 0.1511187353089083
wheel	 0.17134114153980268
yellow	 0.14942296053563628
across	 0.12070335306782633
village	 0.14004644770911298
blow	 0.1864642257696746
able	 0.10349205716325204
tiny	 0.1977357761620472
coach	 0.19187413112927793
rush	 0.20188513841043557
issue	 0.16924640360546694
process	 0.1483141136613742
department	 0.11703741743713246
parent	 0.16518810842143697
history	 0.14447784960999865
bridge	 0.1790298709068088
hunt	 0.19886142847263735
exchange	 0.18224930231072153
nine	 0.19409371692693472
Senator	 0.14015444111174613
promise	 0.18318534684067028
education	 0.11932478193861565
wide	 0.2225544308706413
son	 0.1610755974267053
tooth	 0.14372138166566184
nearly	 0.2141140817179419
july	 0.1613460460937635
guy	 0.15439425308887297
federal	 0.14064259559531214
close	 0.2044734403277256
language	 0.15530816939864964
emerge	 0.16012152269968308
murder	 0.19826404187017344
miss	 0.20758546896094293
range	 0.22083851578635674
sigh	 0.1419410829688555
lean	 0.17251198867906156
ten	 0.1887280067436795
kitchen	 0.11997586340798858
program	 0.10551435758606774
listen	 0.11233124864197999
property	 0.1628899676334416
Robert	 0.12889847354066603
example	 0.09573774002852806
match	 0.21897021342784495
practice	 0.18953959625467715
society	 0.1355112384376262
feature	 0.2056155470144611
bright	 0.2248775077522989
please	 0.15469029085429692
contract	 0.14610296845724485
pull	 0.14732637299733534
edge	 0.16020554213166593
fair	 0.2379871689832454
California	 0.1742932298044234
drink	 0.15661259820367637
avoid	 0.1562098699234331
means	 0.1536258007154742
success	 0.1425908923600529
block	 0.20402648172812587
Indian	 0.1900624388636904
concern	 0.15483988903240156
police	 0.17301277999945935
clothes	 0.13518454801455074
trouble	 0.1396895475094431
crime	 0.16639801752881103
market	 0.12557165991339905
exercise	 0.21326990398241702
although	 0.10440934015541407
cost	 0.13905334865508667
white	 0.18799832790813575
Mrs	 0.10364599095595337
fly	 0.20243276046249287
individual	 0.16989774613326966
near	 0.1867800407804471
grin	 0.1359202941969241
council	 0.11970310870791692
hot	 0.20590409702236614
worry	 0.1316696726262848
nurse	 0.20881759714659628
distance	 0.14545637306532866
necessary	 0.14996885780212102
snow	 0.16581958987953457
everything	 0.13221544161941734
rather	 0.22168138001955903
area	 0.1332961311092182
america	 0.129486648106732
medical	 0.15383700949578183
below	 0.1413575348861408
mile	 0.10548252123033079
camp	 0.1582380102929184
cry	 0.1561633210747219
memory	 0.15285966684071006
french	 0.18439445024408552
sorry	 0.09028673112384045
relate	 0.20763835231104194
economy	 0.11862020470445227
effort	 0.1261057569374236
enjoy	 0.1444172776566113
thin	 0.2179132094723807
stone	 0.1818290474348681
natural	 0.2233916764062309
pay	 0.14965790367702522
damage	 0.1872610066596375
afraid	 0.08746051330261367
clearly	 0.23959179608899048
maintain	 0.16494197644150943
stage	 0.18503806231762668
Washington	 0.17259167335140121
european	 0.17480406879029023
limit	 0.21542458458163405
mouth	 0.13752448789739907
mom	 0.1807381001503861
private	 0.1951788649259547
winter	 0.15147639029605617
amount	 0.15646937597388277
beside	 0.13470918694774864
particular	 0.2095425342807465
arm	 0.15432692858033611
pattern	 0.15497987754878645
realize	 0.0994918135739234
sight	 0.1539470683376986
today	 0.18308473664700683
court	 0.1354210058545969
apartment	 0.12254421357708689
offer	 0.18988709361150172
complete	 0.23670784190022892
Catholic	 0.1552956078942928
heart	 0.17945890690696892
earth	 0.14455683388926177
morning	 0.11420215707455701
wait	 0.12353555569652915
social	 0.15086891607405667
university	 0.13223372667859468
push	 0.16987024544891008
hospital	 0.13746010018383747
middle	 0.18349993565119205
arrive	 0.10847316842637937
provide	 0.1320716396644051
rule	 0.1858859932171028
soldier	 0.14794383491792606
benefit	 0.1594356611254616
until	 0.11486455655686309
result	 0.13856291924674347
destroy	 0.16523488238016298
responsibility	 0.12021990203459705
speak	 0.12696452841226152
bit	 0.1703626599698094
write	 0.1727906378690206
military	 0.16552417248738785
citizen	 0.1578151388065413
seek	 0.1404114997560856
aware	 0.09076425546629123
refuse	 0.11368236772311426
german	 0.16980282363516247
tear	 0.20555857630050564
election	 0.11969378867205553
detail	 0.1834502731185917
deep	 0.22626297810908316
purpose	 0.14371871387899304
threat	 0.1468020820580286
Congress	 0.14111967133443964
bedroom	 0.11982083268545501
increase	 0.15556774290798567
judge	 0.18210134016815888
Joe	 0.1576744733990416
term	 0.18724649088885498
normal	 0.2665533263532482
uncle	 0.15776097816880075
nuclear	 0.12254336490832354
girl	 0.14063034237145938
health	 0.13925712009233399
bottom	 0.15557363941433888
almost	 0.211741701627939
White	 0.1715083316608266
policy	 0.11621457168440719
throw	 0.15789955558450233
upon	 0.1491866016264122
report	 0.1669507728566523
president	 0.16628698954767038
summer	 0.15970219586303339
deal	 0.1722437828865812
four	 0.19179931678991605
double	 0.23721750785405113
visit	 0.17806657751022878
type	 0.1760902535848824
ship	 0.17486165048953134
terrible	 0.2041145979401815
disease	 0.15746386147705813
observe	 0.16959095131544727
past	 0.20895664503001216
six	 0.1981863754734574
farm	 0.17025219438855524
star	 0.1761643486123243
red	 0.17693713272099273
represent	 0.1696734150086183
english	 0.18043536198130397
restaurant	 0.15066933262778437
hall	 0.14170009935412753
affair	 0.12651967392482102
demand	 0.1699268921983523
pass	 0.18104779100589558
slide	 0.17652640282751228
attack	 0.1642491660577779
movement	 0.1439480468257196
human	 0.16068868587752222
Democrat	 0.13623700041041725
forget	 0.10117598592545149
kid	 0.15309365578228715
line	 0.17789840449629588
cat	 0.1647070271603039
industry	 0.11375159964467865
THE	 0.1466343638447704
name	 0.21354856671009834
waste	 0.2184135727992845
schedule	 0.17031242225423776
tone	 0.15973319781494055
regard	 0.17179636068493814
lunch	 0.15279432802212695
assume	 0.14704570638000156
pain	 0.1582916786858658
list	 0.19715802090717788
direct	 0.22930070474905245
outside	 0.19350375663185757
sudden	 0.23391025639670868
determine	 0.14825969046310664
end	 0.1955133124422936
account	 0.15581789037523908
lord	 0.1810958559587827
familiar	 0.21495337424487887
perfect	 0.2332483956249488
frame	 0.21961352164485196
association	 0.12841468240068518
record	 0.18214607565405644
guess	 0.10044776863730492
though	 0.11203334812558681
open	 0.21367214746141222
plan	 0.16967626322854942
release	 0.21491823945076885
mean	 0.16853000737908636
possible	 0.1919920425664559
kennedy	 0.15890852709661443
reach	 0.18877602701175952
season	 0.13268404974122866
million	 0.10892885884538614
recent	 0.1756672945466117
modern	 0.19949187096429605
shoot	 0.1859506938926533
hard	 0.21193875207037194
contact	 0.1654020338938614
despite	 0.09965665783519065
effective	 0.19844682298978514
short	 0.21198524556714335
factor	 0.1332915200906017
wear	 0.13190274266179056
less	 0.19091271225940284
beneath	 0.12957091671137605
team	 0.15954179466773488
threaten	 0.18406665873329278
song	 0.1540887246496981
dry	 0.20273013382321367
mention	 0.1716824965435233
smell	 0.1853725447768273
fall	 0.1774323281312733
build	 0.1652986244864992
value	 0.1643723680001705
potential	 0.19557707179542394
approach	 0.2151821174813302
beach	 0.1558178478734786
young	 0.17378464687983886
reality	 0.14274204174894659
immediately	 0.2343296788844684
check	 0.20024045350229444
hour	 0.11805124689455325
radio	 0.17403816604142228
ice	 0.16679003445866425
create	 0.16958695069475602
defense	 0.15751585744366814
bottle	 0.1438746373225723
chance	 0.11126010061300144
allow	 0.17041156999478407
smile	 0.12428135664260753
continue	 0.17986179608355113
dance	 0.1929685147935857
include	 0.13817032695307774
expression	 0.12498705606502286
establish	 0.18564124306759536
couple	 0.16054178902729427
announce	 0.13368676004421315
catch	 0.17404865444435155
finger	 0.1321190823662504
economic	 0.14364526458279267
kind	 0.1432317289091716
trip	 0.14146785119375008
slowly	 0.19442838243616062
dinner	 0.13783340804860253
supply	 0.17756180049776513
rich	 0.22757759617609596
whether	 0.08352374374891708
during	 0.121331146902904
doubt	 0.12419510371930016
daughter	 0.13905463443569527
half	 0.1984077355530973
explain	 0.1390553856866155
print	 0.21422386255346065
cancer	 0.18113516491492637
heavy	 0.2153044603617175
march	 0.20682003210023775
speech	 0.12703903131445532
throughout	 0.13249819301256227
response	 0.1310000276065368
shall	 0.16241823855846196
cell	 0.165043431083049
sir	 0.06810107204567478
press	 0.22194165584566491
identify	 0.16605893333095773
none	 0.152515499344477
choice	 0.1425086827276892
ignore	 0.16255829634920776
period	 0.13067797498092532
driver	 0.1474429875172714
Reagan	 0.17111687824243646
full	 0.22183321232348652
associate	 0.18240887105607898
pair	 0.1370536328536724
argue	 0.11331630529978796
nose	 0.15099937015168416
change	 0.18195887488366538
instance	 0.08667196634963595
average	 0.1732675836125186
foot	 0.1538010497847784
pressure	 0.1528116143081559
somebody	 0.16300686780083054
front	 0.15508745041029492
effect	 0.1402201265712004
replace	 0.2005648919520242
wife	 0.12609018393557592
toward	 0.1403909397666078
Mary	 0.16962867398107662
machine	 0.14962490959783312
Paul	 0.16323745989358904
local	 0.1741975937410969
dress	 0.16551792165541804
carry	 0.16934330272174564
general	 0.23764164894175135
artist	 0.15856812357699368
slight	 0.2325761124608918
alone	 0.15478918834241107
gain	 0.2116374974440046
knowledge	 0.12406423106104192
expect	 0.15434528426611835
else	 0.12817681441851939
hat	 0.18518940451899354
kick	 0.18424471142006676
seat	 0.16013816502070247
watch	 0.1315634952830067
original	 0.20227503812151534
County	 0.11055596360783802
ring	 0.18158593849710258
flash	 0.20431499738005243
fifty	 0.1475134925549448
national	 0.18005520401930944
sound	 0.2172894789670639
clear	 0.20663357521373135
window	 0.10154659272879649
require	 0.1503693976514509
buil	 0.1789544989907678
photograph	 0.15798855397365336
screen	 0.15626567699790708
editor	 0.11340107879590156
oil	 0.16548098392660415
Communist	 0.1521599174346195
matter	 0.1513567078097454
suppose	 0.1505508372536571
sometimes	 0.22798539579661803
opportunity	 0.1238681353735524
narrow	 0.2533352713674021
death	 0.1467057872030561
declare	 0.13193609441816034
peace	 0.16937379913253092
beer	 0.15926139485517785
compare	 0.1589438428063221
land	 0.1927530499588827
lift	 0.21003805000037837
truck	 0.14875344304307192
argument	 0.1203502457978367
god	 0.16035521132334968
rain	 0.15738707562852483
computer	 0.1621550578615456
television	 0.1622211809019155
budget	 0.13569991371779383
directly	 0.24641580466203983
faith	 0.16878445609756135
truth	 0.12558763391988562
union	 0.1529107434178897
popular	 0.23012749787352008
eight	 0.1853215146665029
fire	 0.19096019240450818
pause	 0.12888272580733703
odd	 0.23389817652536143
twice	 0.17868289418564046
certain	 0.20313579679097066
left	 0.20587637594159597
easy	 0.19793529278270838
mix	 0.22343690093644752
Christian	 0.208425495860076
legal	 0.20595754425125373
security	 0.15734417828045935
hair	 0.12027400271640082
broad	 0.26022073531483997
lack	 0.19243735046219243
knee	 0.12479732609528978
often	 0.22640941721076446
executive	 0.19054810547031903
prevent	 0.13532427460853916
dream	 0.13757606784983537
science	 0.15487304305038146
sort	 0.14676896637377154
imagine	 0.13899682730948554
south	 0.16798445878105248
sick	 0.1772858049153392
beyond	 0.13849070950170397
shop	 0.14687428022933244
single	 0.19583214230832574
quarter	 0.19540270567796306
cent	 0.1039053721230951
send	 0.1476232718906329
anyone	 0.1463405904882078
idea	 0.127224330911713
expert	 0.17720292642317986
thousand	 0.16035860417771897
closer	 0.17375999235878384
valley	 0.13680212891684793
happy	 0.2023618392025242
impossible	 0.1165258349226006
eat	 0.14863955667135959
Secretary	 0.11008973493650606
surface	 0.1475937357704655
since	 0.12483828978199595
bear	 0.19168056334134856
lead	 0.22745562639827538
inch	 0.14779995762047782
theory	 0.1361058442831754
relationship	 0.12264250016284624
wine	 0.16584886694573758
democratic	 0.15423075415829077
freedom	 0.14715016381643534
hit	 0.194914082078001
evening	 0.12971326082582735
board	 0.14377612810488835
track	 0.16744819773006744
flower	 0.16372274855868418
scene	 0.16113195192969035
grant	 0.21876867339854675
army	 0.14407712022292507
body	 0.17604253680133422
audience	 0.15816261063792886
cover	 0.23128946123082192
balance	 0.2096062068917563
throat	 0.11675877575025695
opened	 0.16047698966289278
director	 0.13080031238840986
mountain	 0.14749128628614125
involve	 0.1419535070610148
river	 0.1297690694035902
anybody	 0.14254766685612175
care	 0.1559411665802434
rock	 0.19695838150650136
moon	 0.17039067016481596
decide	 0.10917594013333312
capital	 0.15493672115975599
development	 0.1368598338265499
event	 0.1550953030321399
second	 0.20281328633451126
horse	 0.1588452989168867
develop	 0.16673619413890903
clean	 0.23742411337237979
sport	 0.213590204061955
phone	 0.14068649236283606
chief	 0.18606921990940883
sale	 0.1413459231884177
somehow	 0.23475275912406868
wrote	 0.11838985921227205
measure	 0.19702974008956978
wrong	 0.15219322210346542
bird	 0.18325553410551174
official	 0.18229715952826228
news	 0.17432406813523355
personal	 0.20532648751088733
size	 0.19462135764389898
spend	 0.1337240936874844
gather	 0.17628772043501562
john	 0.14462503944908645
friend	 0.13210746517908595
fast	 0.21345301496663138
five	 0.1850573992707184
Senate	 0.13046786444503405
captain	 0.21049738350750424
start	 0.17067594618876694
express	 0.16259292850538848
real	 0.2145900765013212
skin	 0.16850441678484435
control	 0.1732274826788795
survive	 0.15887809586273233
tax	 0.12794038022113607
tree	 0.13665529641641647
lose	 0.16349570926711232
plane	 0.151170261791237
shoe	 0.13949352030266343
aid	 0.18871177986681542
test	 0.19881585013276265
paint	 0.20451209148723323
difference	 0.10920860188200947
brown	 0.249737802661384
france	 0.1529846018320183
scientist	 0.15417896817280632
century	 0.11691456544113907
tonight	 0.15215839658690927
ready	 0.14848150258758486
agree	 0.1075859636353846
yesterday	 0.15753930344337622
religious	 0.15861161985529862
quality	 0.16519057837489992
station	 0.13587129145435545
coffee	 0.12957969559438115
unite	 0.13342907782713156
convince	 0.15308941948322055
enemy	 0.17182754721396779
burn	 0.20062519384427235
search	 0.19093589370276617
forward	 0.14769698239606013
professional	 0.18752617772185487
study	 0.20091101711728845
stretch	 0.2169989776634334
group	 0.16874904622944115
guard	 0.18792263438964563
gift	 0.17862447626495517
round	 0.22384133216483193
garden	 0.154951994830862
mere	 0.2409466497967835
spirit	 0.17748521467515763
ball	 0.17535507444615892
fine	 0.2217846497465907
cigarette	 0.12691451282247382
island	 0.1256238081056845
influence	 0.17392681690849804
object	 0.1883257829155999
task	 0.14403059224680667
within	 0.15164740041532185
always	 0.20100077134581082
brief	 0.24120048966775806
service	 0.144623156045797
apply	 0.1623349483651418
nothing	 0.12550153547188048
certainly	 0.21845198639425203
interest	 0.15217065801350005
light	 0.20322727216055822
art	 0.1694102363877157
shoulder	 0.11362395254721609
follow	 0.1896254160493208
direction	 0.1273947071667629
order	 0.20069583787097267
powerful	 0.2091512091937453
love	 0.17152349423786167
ride	 0.1754518005958982
picture	 0.16942908174503685
page	 0.18320570039382142
sweep	 0.22369699560469342
rare	 0.24582131744599395
everyone	 0.15185476649238167
production	 0.13044714542478086
stay	 0.11731449759338086
agent	 0.15926233860679842
sit	 0.10462885483396117
per	 0.1376260684031878
lie	 0.1867929173394557
quiet	 0.2276283424181969
central	 0.2157361976963543
step	 0.1807648024014474
job	 0.13028493979873562
ahead	 0.136130105926721
Jesus	 0.16584452422811596
meet	 0.18131271006132374
company	 0.1310815460045505
challenge	 0.2093933011003508
animal	 0.1694993511365275
wash	 0.20961155905583995
network	 0.14644681677192728
serve	 0.1636725828569689
question	 0.12962476995910344
remind	 0.1403720096279171
community	 0.14606016234714972
function	 0.1674210942622568
taste	 0.173282469618737
tie	 0.24257873775789138
fun	 0.15454451069885108
silver	 0.17834994090497885
agency	 0.11906212368017345
pack	 0.22163775577713266
quickly	 0.22601778822808102
governor	 0.16029016946122898
self	 0.157486398940436
path	 0.15466961938656865
reason	 0.12447314584653182
money	 0.13096872864395856
prove	 0.13821864703393605
prepare	 0.17286050894792346
fat	 0.2180173752903986
whole	 0.154846664045854
perform	 0.17453845816509964
rest	 0.20162935109507615
duty	 0.1537876544846778
produce	 0.17043905626169956
decision	 0.11460322214862217
entire	 0.23667936199019646
reveal	 0.16966570339433235
case	 0.15447001998993867
action	 0.13244853440694676
mass	 0.24559822815380233
similar	 0.20542757054110697
dear	 0.12097602535252219
forty	 0.1547068655728893
cup	 0.1740146788756218
hide	 0.2222139051736593
bend	 0.1773981121686198
family	 0.16381315517832978
credit	 0.16407125661242308
title	 0.1939211303111897
troop	 0.1443223521164638
receive	 0.15354281318326587
vision	 0.14630477409168377
country	 0.1251599691875521
usual	 0.2125184413414502
review	 0.19518956476954888
date	 0.1907497587392091
join	 0.15779126357446008
lip	 0.11507266561080594
together	 0.12996044517935992
row	 0.1772032775167359
gaze	 0.1393347983471348
recognize	 0.14188191385350815
condition	 0.1415968998414087
appear	 0.12509894082811002
sea	 0.15869378944028098
gray	 0.20029919368529134
train	 0.19141163102169495
soul	 0.16709704886218008
advance	 0.2050797559287007
lock	 0.20685805515109626
soon	 0.19843400406912046
anything	 0.10564355925191452
doctor	 0.16751392230361858
enter	 0.14330392594460156
equipment	 0.10996750056146476
twenty	 0.1522490172646647
resource	 0.14063984041493044
male	 0.1939060258042571
sun	 0.14542419724562933
bomb	 0.17114644843019336
completely	 0.21459414588363318
add	 0.17422800573082495
quick	 0.21972263343437334
card	 0.1496510395967496
engine	 0.1554508334330578
sky	 0.11297003387571698
region	 0.13363804265896861
door	 0.08844429129207805
center	 0.18164044357680564
system	 0.11922231392251709
former	 0.2085589252976713
bed	 0.1299720416205536
patient	 0.1874633863557534
number	 0.14482996761444614
England	 0.13706165874160128
glass	 0.13916595366855125
daily	 0.23135668578654175
total	 0.162646261943133
touch	 0.21709375295916042
class	 0.17602220337379998
understand	 0.12434025483344754
magazine	 0.15901139885500454
engineer	 0.16601394034256559
park	 0.17545451790865604
rose	 0.23043492880865568
commission	 0.1078356259359919
descri	 0.15369780355595214
father	 0.1683052816730205
lot	 0.1486561302274667
beat	 0.22224961704700041
energy	 0.16149075668596313
mirror	 0.15691820583454125
drop	 0.1988701561827496
ever	 0.17721108870016303
warn	 0.18432660597485154
party	 0.14234585411278877
office	 0.12160335155410265
character	 0.1516795149915373
especially	 0.1800959350947256
ear	 0.167912839677293
read	 0.15488075075677873
structure	 0.1593858993951482
standard	 0.19095397569880837
april	 0.1462928245473745
Texa	 0.18613467753541452
soft	 0.21983711912812523
desk	 0.11486797199081931
manner	 0.14056539369988238
movie	 0.1742297204259282
manage	 0.19073074728685005
true	 0.17811646279406054
degree	 0.15515951609847062
henry	 0.14327290817068572
staff	 0.1598811847815743
help	 0.16817972983638554
moment	 0.11018790975338477
neither	 0.189446353355665
wind	 0.1906047428902838
current	 0.2292958051115365
fact	 0.13469261299338342
escape	 0.17094169697823192
huge	 0.19615504201566553
cook	 0.19895931150650595
sink	 0.20721409748552613
Peter	 0.18091734864204667
shape	 0.22586092520469217
whatever	 0.1243453952912638
major	 0.19635447799045838
gun	 0.14080971784361695
Thomas	 0.15325595768245537
slip	 0.18236551335209186
strength	 0.16288166917624416
happen	 0.11226824812222072
bad	 0.20059327719944325
city	 0.14779991725088157
coat	 0.13344302465846333
set	 0.21043620106642907
law	 0.14241747436538799
buy	 0.14506897994875895
tough	 0.22467007941954892
yard	 0.14923858218834274
ago	 0.08684741384438939
letter	 0.14653619419861505
trial	 0.15188406268446833
cross	 0.20912823473135564
financial	 0.1726301611342951
nobody	 0.12434133959656
government	 0.1438181181454223
treatment	 0.14517553435751587
travel	 0.17382936360524195
cool	 0.21581281024306573
smoke	 0.1786745674139612
stick	 0.19225659692250666
view	 0.1476755506616235
shut	 0.1757300682915429
raise	 0.2101987244866276
hell	 0.14853034559225056
serious	 0.22448241654293202
nor	 0.21180851558377992
green	 0.1904830591499617
billion	 0.08936664786864774
discuss	 0.14092799708594192
blue	 0.17481033294356135
maybe	 0.11261739957904288
floor	 0.10616581162154952
candidate	 0.12609089014340666
mother	 0.16357999788935113
spread	 0.20712028325952347
surprise	 0.16739143650704458
bush	 0.15647740100268243
hotel	 0.1330315420293379
hill	 0.15673645898156752
mind	 0.14913344441405427
field	 0.1763216758005758
relative	 0.23283163714625926
act	 0.19576590737601074
recently	 0.23972666314181681
walk	 0.12889499941916854
tomorrow	 0.11873142134995278
attend	 0.13947630797997346
drug	 0.1903460526672073
early	 0.22023415067255128
suffer	 0.15091799473232606
remember	 0.10733654820160274
style	 0.17433865949929112
administration	 0.120077933243351
Federal	 0.13361119823311182
silent	 0.19786871994948285
piece	 0.154355267773534
stuff	 0.18255610593164218
officer	 0.13707260439902638
fear	 0.15622484348375665
among	 0.12475343242178902
opinion	 0.1320238898200309
firm	 0.22251111394516612
grab	 0.15867968041147246
lay	 0.19166033535762864
thank	 0.10137223352562345
evidence	 0.11916244986538478
claim	 0.18608488534363776
race	 0.20013707158671568
William	 0.1550427782616593
fail	 0.15030173231516986
wall	 0.13548229183185378
fit	 0.21960533720000183
